@id,@type,rdf:type,dbo:type,dbp:type,rdfs:subClassOf,owl:sameAs,owl:seeAlso,rdfs:label,foaf:name,org:unitOf,org:hasPost,foaf:nick,foaf:motto,foaf:homepage,foaf:depiction,foaf:primaryTopic ,foaf:based_near,sioc:has_container,dbo:numberOfEmployees,dbo:populationTotal,dbo:numberOfStaff,dbo:numberOfVolunteers,georss:point,vcard:postalAddress,dbo:region,dbo:state,dbo:country,dbo:timeZone,dbp:leader,dbp:leaderType,rdfs:comment,dbo:abstract,dct:subject,dbo:legalForm,dbo:locationCity,dbp:headquarters,dbo:product,dbo:service,dbp:industry,linkedin:Profile,linkedin:type
"foafiaf:_Cherry_Valley,_Illinois",foaf:Organization,"[""schema:Organization"",""dbo:organization""]",dbo:Municipality,,,"[""http://pl.dbpedia.org/resource/Cherry_Valley,_Illinois""]","foafiaf:Cherry_Valley,_Illinois","Cherry Valley, Illinois",Cherry Valley,,,,,,,,"[""foafiaf:Rockford,_Illinois""]",,,,,,,,,,dbr:United_States,http://dbpedia.org/resource/Central_Time_Zone,,,,,,,,,,,,,
"foafiaf:_Durand,_Illinois",foaf:Organization,"[""schema:Organization"",""dbo:organization""]",dbo:Municipality,,,"[""http://pl.dbpedia.org/resource/Durand,_Illinois""]","foafiaf:Durand,_Illinois","Durand, Illinois",Durand,,,,,,,,"[""foafiaf:Rockford,_Illinois""]",,,,,,,,,,dbr:United_States,http://dbpedia.org/resource/Central_Time_Zone,,,,,,,,,,,,,
"foafiaf:_Machesney_Park,_Illinois",foaf:Organization,"[""schema:Organization"",""dbo:organization""]",dbo:Municipality,,,"[""http://pl.dbpedia.org/resource/Machesney_Park_(Illinois)"",""http://sws.geonames.org/4900801/"",""http://wikidata.dbpedia.org/resource/Q1013494"",""http://linkedgeodata.org/triplify/node153341239"",""http://www.wikidata.org/entity/Q1013494""]","foafiaf:Machesney_Park,_Illinois","Machesney Park, Illinois (en)",Machesney Park,,,,,http://www.machesney-park.il.us/,,,"[""foafiaf:Rockford,_Illinois""]",,,23499,,,,,,,dbr:United_States,http://dbpedia.org/resource/Central_Time_Zone,"[""foafiaf:Jerry_D_Bolin""]",Village President (en),,,,,,,,,,,
"foafiaf:_New_Milford,_Illinois",foaf:Organization,"[""schema:Organization"",""dbo:organization""]",dbo:Municipality,,,"[""http://pl.dbpedia.org/resource/New_Milford,_Illinois""]","foafiaf:New_Milford,_Illinois","New Milford, Illinois",New Milford,,,,,,,,"[""foafiaf:Rockford,_Illinois""]",,,,,,,,,,dbr:United_States,http://dbpedia.org/resource/Central_Time_Zone,,,,,,,,,,,,,
"foafiaf:_Pecatonica,_Illinois",foaf:Organization,"[""schema:Organization"",""dbo:organization""]",dbo:Municipality,,,"[""http://pl.dbpedia.org/resource/Pecatonica,_Illinois""]","foafiaf:Pecatonica,_Illinois","Pecatonica, Illinois",Pecatonica,,,,,,,,"[""foafiaf:Rockford,_Illinois""]",,,,,,,,,,dbr:United_States,http://dbpedia.org/resource/Central_Time_Zone,"[""Daniel_Barber_(village_president)""]",Village President (en),,,,,,,,,,,
"foafiaf:_Rockton,_Illinois",foaf:Organization,"[""schema:Organization"",""dbo:organization""]",dbo:Municipality,,,"[""http://pl.dbpedia.org/resource/Rockton,_Illinois""]","foafiaf:Rockton,_Illinois",Rockton,Rockton,,,,,,,,"[""foafiaf:Rockford,_Illinois""]",,,"7,685",,,,,,,dbr:United_States,http://dbpedia.org/resource/Central_Time_Zone,"[""foafiaf:Dale_Adams""]",Village President (en),,,,,,,,,,,
"foafiaf:_Roscoe,_Illinois",foaf:Organization,"[""schema:Organization"",""dbo:organization""]",dbo:Municipality,,,"[""http://pl.dbpedia.org/resource/Roscoe,_Illinois""]","foafiaf:Roscoe,_Illinois",Roscoe,Roscoe,,,,,,,,"[""foafiaf:Rockford,_Illinois""]",,,10785,,,,,,,dbr:United_States,http://dbpedia.org/resource/Central_Time_Zone,"[""foafiaf:David_Krienke""]",Village President (en),,,,,,,,,,,
"foafiaf:_South_Beloit,_Illinois",foaf:Organization,"[""schema:Organization"",""dbo:organization""]",dbo:Municipality,,,"[""http://pl.dbpedia.org/resource/South_Beloit,_Illinois""]","foafiaf:South_Beloit,_Illinois",South Beloit,South Beloit,,,,,,,,"[""foafiaf:Rockford,_Illinois""]",,,7892,,,,,,,dbr:United_States,http://dbpedia.org/resource/Central_Time_Zone,"[""foafiaf:Teg_Rehl""]",http://dbpedia.org/resource/Mayor,,,,,,,,,,,
foafiaf:Alignment_Rockford,foaf:Organization,"[""schema:Organization"",""dbo:organization""]",dbo:Non-ProfitOrganisation,,,,,Alignment Rockford,Alignment Rockford,,,,,,,,"[""foafiaf:Rockford,_Illinois""]","[""foafiaf:_sector_205""]",,,,,,,,,dbr:United_States,http://dbpedia.org/resource/Central_Time_Zone,,,,,,,,,,,,,
foafiaf:alpine-bank-illinois,foaf:Organization,"[""schema:Organization"",""dbo:organization""]",dbo:Company,,,,,Alpine Bank Illinois,Alpine Bank Illinois,,,,,,,,"[""foafiaf:Rockford,_Illinois""]",,,,,,,,,,dbr:United_States,http://dbpedia.org/resource/Central_Time_Zone,,,,,,,,,,,,https://www.linkedin.com/company/alpine-bank-illinois,
foafiaf:asterius_media_llc,foaf:Organization,"[""schema:Organization"",""dbo:organization""]",dbo:Company,,,,,Asterius Media LLC,"ASTERIUS MEDIA, LLC",,"[{""@id"":""foafiaf:Asterius_Media_LLC_CEO"",""@type"":""org:Role"",""rdfs:label"":""CEO of Asterius Media LLC""},{""@id"":""foafiaf:Asterius_Media_LLC_Owner"",""@type"":""org:Role"",""rdfs:label"":""Owner of Asterius Media LLC""}]",,,https://www.asteriusmedia.com,,,"[""foafiaf:Byron,_Illinois""]",,,,,,,,,,dbr:United_States,http://dbpedia.org/resource/Central_Time_Zone,,,,,,,,"dbr:Byron,_Illinois",,"[""dbr:Information_technology_consulting"",""dbr:Management_consulting""]",,https://www.linkedin.com/company/asterius-media-llc,
foafiaf:Belvidere_Assembly_Plant,foaf:Organization,"[""schema:Organization"",""dbo:organization""]",dbo:Company,,,,https://en.wikipedia.org/wiki/Belvidere_Assembly_Plant,Chrysler [Belvidere Assembly Plant],Belvidere Assembly Plant,,,,,,,,"foafiaf:Belvidere,_Illinois","[""foafiaf:_sector_12""]","4,700",,,,42.236 -88.871,,,,dbr:United_States,http://dbpedia.org/resource/Central_Time_Zone,,,,,,,,,,,,,
foafiaf:Bergstrom_Inc.,foaf:Organization,"[""schema:Organization"",""dbo:organization""]",dbo:Company,,,,,Bergstrom,Bergstrom Inc.,,,,,,,,"[""foafiaf:Rockford,_Illinois""]",,,,,,,,,,dbr:United_States,http://dbpedia.org/resource/Central_Time_Zone,,,,,,,,,,,,https://www.linkedin.com/company/62231,
foafiaf:Better_Roads_Association,foaf:Organization,"[""schema:Organization"",""dbo:organization""]",dbo:Non-ProfitOrganisation,,,,,Better Roads Association,Better Roads Association,,,,,,,,"[""foafiaf:Rockford,_Illinois""]","[""foafiaf:_sector_30""]",,,,,,,,,dbr:United_States,http://dbpedia.org/resource/Central_Time_Zone,,,,,,,,,,,,,
foafiaf:Boone-Winnebago_Regional_Office_of_Education,foaf:Organization,"[""schema:Organization"",""dbo:organization""]",dbo:GovernmentAgency,,,,,Boone-Winnebago Regional Office of Education,Boone-Winnebago Regional Office of Education,,"[""foafiaf:Boone-Winnebago_Regional_Superintendent""]",,,,,,"[""foafiaf:Winnebago_County,_Illinois"",""foafiaf:Boone_County,_Illinois""]","[""foafiaf:sector_205""]",,,,,,,,,dbr:United_States,http://dbpedia.org/resource/Central_Time_Zone,,,,,,,,,,,,,
foafiaf:capgemini_consulting,foaf:Organization,"[""schema:Organization"",""dbo:organization""]",dbo:Company,,,,,Capgemini Consulting,Capgemini Consulting,,"[{""@id"":""foafiaf:Capgemini_Consulting_Managing_Consultant"",""@type"":""org:Role"",""rdfs:label"":""Manageing Consultant for Capgemini Consulting""}]",,,,,,"[""foafiaf:Chicago,_Illinois""]",,,,,,,,,,dbr:United_States,http://dbpedia.org/resource/Central_Time_Zone,,,,,,,,,,dbr:Management_consulting,,https://www.linkedin.com/company/capgemini-consulting,
foafiaf:Chicago_Rockford_International_Airport,foaf:Organization,"[""schema:Organization"",""dbo:organization""]",dbo:GovernmentAgency,,,,,Chicago Rockford International Airport,Chicago Rockford International Airport,,"[""foafiaf:ExecutiveDirectorof_Chicago_Rockford_International_Airport""]",,,,,,"[""foafiaf:Winnebago_County,_Illinois"",""foafiaf:Boone_County,_Illinois""]","[""foafiaf:sector_202""]",,,,,,,,,dbr:United_States,http://dbpedia.org/resource/Central_Time_Zone,,,,,,,,,,,,,
"foafiaf:city_of_Belvidere,_Illinois",foaf:Organization,"[""http://dbpedia.org/ontology/Place"",""http://dbpedia.org/ontology/PopulatedPlace"",""http://dbpedia.org/ontology/Settlement"",""http://www.w3.org/2002/07/owl#Thing"",""http://dbpedia.org/ontology/Location""]",dbo:Municipality,,,,"foafiaf:Belvidere,_Illinois","Belvidere, Illinois",Belvidere,,"[""foafiaf:Mayor_of_Belvidere,_Illinois""]",,,,,,"[""foafiaf:Winnebago_County,_Illinois""]",,,,,,,,"[""dbr:Boone_County,_Illinois""]",,dbr:United_States,http://dbpedia.org/resource/Central_Time_Zone,,http://dbpedia.org/resource/Mayor,,,,,,,,,,,
"foafiaf:city_of_byron,_illinois",foaf:Organization,"[""http://dbpedia.org/ontology/Place"",""http://dbpedia.org/ontology/PopulatedPlace"",""http://dbpedia.org/ontology/Settlement"",""http://www.w3.org/2002/07/owl#Thing"",""http://dbpedia.org/class/yago/YagoLegalActorGeo"",""http://www.w3.org/2003/01/geo/wgs84_pos#SpatialThing"",""http://dbpedia.org/ontology/Location""]",dbo:Municipality,,,"[{""type"":""uri"",""value"":""http://wikidata.dbpedia.org/resource/Q575646""},{""type"":""uri"",""value"":""http://www.wikidata.org/entity/Q575646""},{""type"":""uri"",""value"":""http://dbpedia.org/resource/Byron_(Illinois)""},{""type"":""uri"",""value"":""http://sws.geonames.org/4886188/""},{""type"":""uri"",""value"":""http://rdf.freebase.com/ns/m.0sf1_""},{""type"":""uri"",""value"":""http://yago-knowledge.org/resource/Byron,_Illinois""}]","foafiaf:Byron,_Illinois","Byron, Illinois (en)",Byron,,,,,http://byron.govoffice.com,"http://commons.wikimedia.org/wiki/Special:FilePath/Byron,_IL_Post_Office_03.JPG","[{""type"":""uri"",""value"":""http://en.wikipedia.org/wiki/Byron,_Illinois""}]","[""foafiaf:Ogle_County,Illinois""]",,,3753,,,,,,,dbr:United_States,http://dbpedia.org/resource/Central_Time_Zone,"[""foafiaf:Christopher_Millard""]",http://dbpedia.org/resource/Mayor,,"Byron is a city in Ogle County, Illinois, United States, probably best known as the location of the Byron Nuclear Generating Station, one of the last nuclear power plants commissioned in the United States. Byron is located in Byron Township, along the Rock River. The population was 3,753 at the 2010 census, up from 2,917 at the 2000 census. The town bills itself as the -Gateway to the Rock River Valley-. (en)","[{""type"":""uri"",""value"":""http://dbpedia.org/resource/Category:Cities_in_Ogle_County,_Illinois""},{""type"":""uri"",""value"":""http://dbpedia.org/resource/Category:Rockford_metropolitan_area""},{""type"":""uri"",""value"":""http://dbpedia.org/resource/Category:Populated_places_established_in_1835""},{""type"":""uri"",""value"":""http://dbpedia.org/resource/Category:Byron,_Illinois""},{""type"":""uri"",""value"":""http://dbpedia.org/resource/Category:Cities_in_Illinois""}]",,,,,,,,
"foafiaf:city_of_Loves_Park,_Illinois",foaf:Organization,"[""schema:Organization"",""dbo:organization""]",dbo:Municipality,,,"[""http://rdf.freebase.com/ns/m.0s34m"",""http://nl.dbpedia.org/resource/Loves_Park"",""http://wikidata.dbpedia.org/resource/Q578137"",""http://es.dbpedia.org/resource/Loves_Park"",""http://sws.geonames.org/4900579/"",""http://de.dbpedia.org/resource/Loves_Park"",""http://pl.dbpedia.org/resource/Loves_Park_(Illinois)"",""http://yago-knowledge.org/resource/Loves_Park,_Illinois"",""http://pt.dbpedia.org/resource/Loves_Park"",""http://www.wikidata.org/entity/Q578137""]","foafiaf:Loves_Park,_Illinois","Loves Park, Illinois (en)",Loves Park,,,,,http://www.loves-park.il.us/,,,"[""foafiaf:Rockford,_Illinois""]",,,"[{""type"":""literal"",""value"":""23,996""}]",,,,,,,dbr:United_States,http://dbpedia.org/resource/Central_Time_Zone,"[""foafiaf:Darryl_Lindberg""]",http://dbpedia.org/resource/Mayor,,"Loves Park is a city in Winnebago County, Illinois, United States. In recent years, the city has grown eastward to spread into Boone County. The population was 23,996 at the 2010 census, up from 20,044 in 2000.Loves Park is part of the Rockford, Illinois Metropolitan Statistical Area. (en)","[""http://dbpedia.org/resource/Category:Cities_in_Illinois"",""http://dbpedia.org/resource/Category:Rockford_metropolitan_area"",""http://dbpedia.org/resource/Category:Cities_in_Boone_County,_Illinois"",""http://dbpedia.org/resource/Category:Cities_in_Winnebago_County,_Illinois""]",,,,,,,,
"foafiaf:city_of_Winnebago,_Illinois",foaf:Organization,"[""schema:Organization"",""dbo:organization""]",dbo:Municipality,,,"[""http://pl.dbpedia.org/resource/Winnebago,_Illinois""]","foafiaf:Winnebago,_Illinois","Winnebago, Illinois",Winnebago,,,,,,,,"[""foafiaf:Rockford,_Illinois""]",,,,,,,,,,dbr:United_States,http://dbpedia.org/resource/Central_Time_Zone,,,,,,,,,,,,,
foafiaf:city-of-rockford,foaf:Organization,"[""schema:Organization"",""dbo:organization""]",dbo:Municipality,,,,"foafiaf:Rockford,_Illinois",Rockford,City of Rockford,,"[""foafiaf:Mayor_of_Rockford,_Illinois""]",The Forest City,The Government Closest To The People,cityofrockford.gov,,,"[""foafiaf:Rockford,_Illinois""]","[""foafiaf:_sector_12""]","1,135",,,,,,"foafiaf:Winnebago_County,_Illinois",,dbr:United_States,http://dbpedia.org/resource/Central_Time_Zone,"[""foafiaf:lawrence-morrissey"",""foafiaf:Jim_Ryan""]",http://dbpedia.org/resource/Mayor,"Rockford (152,871)",,,,,,,,,https://www.linkedin.com/company/city-of-rockford,
foafiaf:community-foundation-of-northern-illinois,foaf:Organization,"[""schema:Organization"",""dbo:organization""]",dbo:Non-ProfitOrganisation,,,,,CFNIL,Community Foundation of Northern Illinois,,,,,,,,"[""foafiaf:Rockford,_Illinois""]","[""foafiaf:_sector_30""]",,,,,,,,,dbr:United_States,http://dbpedia.org/resource/Central_Time_Zone,,,,,,,,,,,,https://www.linkedin.com/company/community-foundation-of-northern-illinois,
"foafiaf:county_of_Boone_County,_Illinois",foaf:Organization,"[""http://dbpedia.org/ontology/Place"",""http://dbpedia.org/ontology/PopulatedPlace"",""http://dbpedia.org/ontology/Settlement"",""http://www.w3.org/2002/07/owl#Thing"",""http://dbpedia.org/ontology/Location""]",dbo:Municipality,,,,"foafiaf:Boone_County,_Illinois","Boone County, Illinois",Boone County,,"[""foafiaf:Board_Chairman_of_Boone_County,_Illinois""]",,,,,"wikipedia-en:Boone_County,_Illinois",,,,,,,,,,,dbr:United_States,http://dbpedia.org/resource/Central_Time_Zone,,,,,,,,,,,,,
foafiaf:Crusader_Clinic,foaf:Organization,"[""schema:Organization"",""dbo:organization""]",dbo:Non-ProfitOrganisation,,,,,Crusader Clinic,Crusader Clinic,,,,,,,,"[""foafiaf:Rockford,_Illinois""]","[""foafiaf:_sector_30"",""foafiaf:_sector_263""]",,,,,,,,,dbr:United_States,http://dbpedia.org/resource/Central_Time_Zone,,,,,,,,,,,,,
foafiaf:Danfoss,foaf:Organization,"[""schema:Organization"",""dbo:organization""]",dbo:Company,,,,,Danfoss,Danfoss,,,,,,,,"[""foafiaf:Loves_Park,_Illinois""]",,,,,,,,,,dbr:United_States,http://dbpedia.org/resource/Central_Time_Zone,,,,,,,,,,,,,
foafiaf:exelon_nuclear,foaf:Organization,"[""schema:Organization"",""dbo:organization""]",dbo:Company,,,,,Exelon Nuclear,Exelon Nuclear,,"[{""@id"":""foafiaf:Excelon_Nuclear_Principle_Engineer"",""@type"":""org:Role"",""rdfs:label"":""Principle Engineer for Byron Nuclear Power Plant""}]",,,,,,"[""foafiaf:Byron,_Illinois""]",,,,,,,,,,dbr:United_States,http://dbpedia.org/resource/Central_Time_Zone,,,,,,,,,,,,https://www.linkedin.com/company/exelon-nuclear,Utilities
foafiaf:fehr-graham-&-associates,foaf:Organization,"[""schema:Organization"",""dbo:organization""]",dbo:Company,,,,,Fehr Graham,Fehr Graham - Engineering & Environmental,,,,,,,,"[""foafiaf:Rockford,_Illinois""]",,,,,,,,,,dbr:United_States,http://dbpedia.org/resource/Central_Time_Zone,,,,,,,,,,,,https://www.linkedin.com/company/fehr-graham-&-associates,
foafiaf:Forest_City_Gear,foaf:Organization,"[""schema:Organization"",""dbo:organization""]",dbo:Company,,,,,Forest City Gear,Forest City Gear,,,,,,,,,"[""foafiaf:_sector_12""]",,,,,,,,,dbr:United_States,http://dbpedia.org/resource/Central_Time_Zone,,,,,,,,,,,,,
foafiaf:goodwill-northern-illinois,foaf:Organization,"[""schema:Organization"",""dbo:organization""]",dbo:Non-ProfitOrganisation,,,,,Goodwill Industries of Northern Illinois,Goodwill Industries,,,,,,,,"[""foafiaf:Rockford,_Illinois""]",,,,,,,,,,dbr:United_States,http://dbpedia.org/resource/Central_Time_Zone,,,,,,,,,,,,https://www.linkedin.com/company/goodwill-northern-illinois,
foafiaf:Growth_Dimensions,foaf:Organization,"[""schema:Organization"",""dbo:organization""]",dbo:NGO,,,,,Growth_Dimensions,Growth_Dimensions,,,,,,,,"[""foafiaf:Belvidere,_Illinois""]","[""_sector_30""]",,,,,,,,,dbr:United_States,http://dbpedia.org/resource/Central_Time_Zone,,,,,,,,,,,,,
foafiaf:Harlem_School_District_122,foaf:Organization,"[""schema:Organization"",""dbo:organization""]",dbo:EducationalInstitution ,,,,,Harlem School District 122,Harlem School District 122,,"[""foafiaf:Superintendent_Harlem_School_District_122""]",,,,,,"[""foafiaf:Loves_Park,_Illinois""]","[""foafiaf:sector_205""]",,,,,,,,,dbr:United_States,http://dbpedia.org/resource/Central_Time_Zone,,,,,,,,,,,,,
foafiaf:Heartland_Community_Church,foaf:Organization,"[""schema:Organization"",""dbo:organization""]",dbo:Faith,,,,,Heartland Community Church,Heartland Community Church,,,,,,,,"[""foafiaf:Rockford,_Illinois""]","[""foafiaf:_sector_40""]",,,,,,,,,dbr:United_States,http://dbpedia.org/resource/Central_Time_Zone,,,,,,,,,,,,,
foafiaf:hinshaw-&-culbertson-llp,foaf:Organization,"[""schema:Organization"",""dbo:organization""]",dbo:Company,,,,,Hinshaw & Culbertson,Hinshaw & Culbertson LLP,,,,,,,,"[""foafiaf:Rockford,_Illinois""]",,,,,,,,,,dbr:United_States,http://dbpedia.org/resource/Central_Time_Zone,,,,,,,,,,,,https://www.linkedin.com/company/hinshaw-&-culbertson-llp,
"foafiaf:HolmstromKennedy,_P.C.",foaf:Organization,"[""schema:Organization"",""dbo:organization""]",dbo:Company,,,,,"HolmstromKennedy, P.C.","HolmstromKennedy, P.C.",,,,,,,,"[""foafiaf:Rockford,_Illinois""]",,,,,,,,,,dbr:United_States,http://dbpedia.org/resource/Central_Time_Zone,,,,,,,,,,,,https://www.linkedin.com/company/573784,
foafiaf:Illinois_House_of_Representatives,foaf:Organization,"[""schema:Organization"",""dbo:organization""]",dbo:Legislature,,,,,Illinois House of Representatives,Illinois House of Representatives,,"[""foafiaf:Illinois_Representative""]",,,,,,"[""foafiaf:Illinois""]","[""foafiaf:sector_201""]",,,,,,,,,dbr:United_States,http://dbpedia.org/resource/Central_Time_Zone,,,,,,,,,,,,,
foafiaf:Illinois_Senate,foaf:Organization,"[""schema:Organization"",""dbo:organization""]",dbo:Legislature,,,,,Illinois Senate,Illinois Senate,,"[""foafiaf:Illinois_Senator""]",,,,,,"[""foafiaf:Illinois""]","[""foafiaf:sector_201""]",,,,,,,,,dbr:United_States,http://dbpedia.org/resource/Central_Time_Zone,,,,,,,,,,,,,
foafiaf:mercy-health-system,foaf:Organization,"[""schema:Organization"",""dbo:organization""]",dbo:Non-ProfitOrganisation,,,,,Mercy Health,Mercy Health System,,,,,,,,"[""foafiaf:Rockford,_Illinois""]","[""foafiaf:_sector_12"",""foafiaf:sector_205""]","2,500",,,,,,,,dbr:United_States,http://dbpedia.org/resource/Central_Time_Zone,,,,,,,,,,,,https://www.linkedin.com/company/mercy-health-system,
foafiaf:mpowr_a_supplycore_solution,foaf:Organization,"[""schema:Organization"",""dbo:organization""]",org:OrganizationalUnit,,,,,"MPOWR, A Supplycore Solution","MPOWR, A Supplycore Solution",foafiaf:supplycore-inc.,"[{""@id"":""foafiaf:MPOWR_Product_Manager"",""@type"":""org:Role"",""rdfs:label"":""Product Manager for MPOWR Software""}]",,,,,,"[""foafiaf:Rockford,_Illinois""]",,,,,,,,,,dbr:United_States,http://dbpedia.org/resource/Central_Time_Zone,,,,,,,,,,,,https://www.linkedin.com/company/mpowr-a-supplycore-solution,Computer Software
foafiaf:neighborhood-network,foaf:Organization,"[""schema:Organization"",""dbo:organization""]",dbo:Non-ProfitOrganisation,,,,,Neighborhood Network,Neighborhood Network,,,,,,,,"[""foafiaf:Rockford,_Illinois""]",,,,,,,,,,dbr:United_States,http://dbpedia.org/resource/Central_Time_Zone,,,,,,,,,,,,https://www.linkedin.com/company/neighborhood-network,
foafiaf:NICNE,foaf:Organization,"[""schema:Organization"",""dbo:organization""]",org:OrganizationalUnit,,,,,NICNE,Northern Illinois Center for Nonprofit Excellence at Rockford University,foafiaf:Rockford_University,,,,,,,"[""foafiaf:Rockford,_Illinois""]",,,,,,,,,,dbr:United_States,http://dbpedia.org/resource/Central_Time_Zone,,,,,,,,,,,,,
foafiaf:North_End_Commons,foaf:Organization,"[""schema:Organization"",""dbo:organization""]",dbo:Non-ProfitOrganisation,,,,,North End Commons,North End Commons,,,,,,,,"[""foafiaf:Rockford,_Illinois""]",,,,,,,,,,dbr:United_States,http://dbpedia.org/resource/Central_Time_Zone,,,,,,,,,,,,,
foafiaf:Northern_Illinois_University,foaf:Organization,"[""schema:Organization"",""dbo:organization""]",dbo:University,,,,,Northern Illinois University,Northern Illinois University,,"[""foafiaf:Presidentof_Northern_Illinois_University""]",,,,,,"[""foafiaf:Rockford,_Illinois""]","[""foafiaf:sector_205""]",,,,,,,,,dbr:United_States,http://dbpedia.org/resource/Central_Time_Zone,,,,,,,,,,,,,
foafiaf:Northern_Illinois_Workforce_Alliance,foaf:Organization,"[""schema:Organization"",""dbo:organization""]",dbo:NGO,,,,,NIWA,Northern Illinois Workforce Alliance,,"[""foafiaf:ExecutiveDirectorof_Northern_Illinois_Workforce_Alliance""]",,,,,,"[""foafiaf:Rockford,_Illinois""]",,,,,,,,,,dbr:United_States,http://dbpedia.org/resource/Central_Time_Zone,,,,,,,,,,,,,
foafiaf:northwest-bank,foaf:Organization,"[""schema:Organization"",""dbo:organization""]",dbo:Company,,,,,Northwest Bank,Northwest Bank,,,,,,,,"[""foafiaf:Rockford,_Illinois""]",,,,,,,,,,dbr:United_States,http://dbpedia.org/resource/Central_Time_Zone,,,,,,,,,,,,https://www.linkedin.com/company/northwest-bank,
foafiaf:Office_of_Congressman_Kinzinger,foaf:Organization,"[""schema:Organization"",""dbo:organization""]",dbo:Legislature,,,,,Office of Congressman Kinzinger,Office of Congressman Kinzinger,foafiaf:United_States_House_of_Representatives,"[""foafiaf:United_States_Congressman""]",,,,,,,"[""foafiaf:sector_201""]",,,,,,,,,dbr:United_States,http://dbpedia.org/resource/Central_Time_Zone,,,,,,,,,,,,,
foafiaf:Office_of_Congresswoman_Cheri_Bustos,foaf:Organization,"[""schema:Organization"",""dbo:organization""]",dbo:Legislature,,,,,Office of Congresswoman Cheri Bustos,Office of Congresswoman Cheri Bustos,foafiaf:United_States_House_of_Representatives,"[""foafiaf:United_States_Congressman""]",,,,,,,"[""foafiaf:sector_201""]",,,,,,,,,dbr:United_States,http://dbpedia.org/resource/Central_Time_Zone,,,,,,,,,,,,,
foafiaf:OSF_Saint_Anthony_Medical_Center,foaf:Organization,"[""schema:Organization"",""dbo:organization""]",dbo:Non-ProfitOrganisation,,,,OSF Saint Anthony Medical Center,OSF Saint Anthony Medical Center,OSF Saint Anthony Medical Center,,,,,,,,"[""foafiaf:Rockford,_Illinois""]","[""foafiaf:_sector_263"",""foafiaf:_sector_12""]","2,000",,,,,,,,dbr:United_States,http://dbpedia.org/resource/Central_Time_Zone,,,,,,,,,,,,,
foafiaf:phelps-industries-inc,foaf:Organization,"[""schema:Organization"",""dbo:organization""]",dbo:Non-ProfitOrganisation,,,,,Phelps Industries,Phelps Industries Inc,,,,,,,,"[""foafiaf:Rockford,_Illinois""]",,,,,,,,,,dbr:United_States,http://dbpedia.org/resource/Central_Time_Zone,,,,,,,,,,,,https://www.linkedin.com/company/phelps-industries-inc,
foafiaf:pilgrim-baptist-church,foaf:Organization,"[""schema:Organization"",""dbo:organization""]",dbo:Faith,,,,,Pilgrim Baptist Church,Pilgrim Baptist Church,,,,,,,,"[""foafiaf:Rockford,_Illinois""]",,,,,,,,,,dbr:United_States,http://dbpedia.org/resource/Central_Time_Zone,,,,,,,,,,,,https://www.linkedin.com/company/pilgrim-baptist-church,
foafiaf:pnc-bank,foaf:Organization,"[""schema:Organization"",""dbo:organization""]",dbo:Company,,,,,PNC,PNC Bank,,,,,,,,"[""foafiaf:Rockford,_Illinois""]",,,,,,,,,,dbr:United_States,http://dbpedia.org/resource/Central_Time_Zone,,,,,,,,,,,,https://www.linkedin.com/company/pnc-bank,
foafiaf:Policemen's_Benevolent_Protective_Association_of_Illinois_Unit_6,foaf:Organization,"[""schema:Organization"",""dbo:organization""]",dbo:NGO,,,,,Policemen's Benevolent Protective Association of Illinois Unit 6,Policemen's Benevolent Protective Association of Illinois Unit 6,,"[""foafiaf:Presidentof_Policemen's_Benevolent_Protective_Association_of_Illinois_Unit_6"",""foafiaf:VicePresidentof_Policemen's_Benevolent_Protective_Association_of_Illinois_Unit_6""]",,,,,,"[""foafiaf:Rockford,_Illinois""]",,,,,,,,,,dbr:United_States,http://dbpedia.org/resource/Central_Time_Zone,,,,,,,,,,,,,
"foafiaf:Professional_Fire_Fighters_of_Rockford,_IAFF_413",foaf:Organization,"[""schema:Organization"",""dbo:organization""]",dbo:NGO,,,,,"Professional Fire Fighters of Rockford, IAFF 413","Professional Fire Fighters of Rockford, IAFF 413",,"[""foafiaf:Presidentof_Professional_Fire_Fighters_of_Rockford,_IAFF_413"",""foafiaf:VicePresidentof_Professional_Fire_Fighters_of_Rockford,_IAFF_413""]",,,,,,"[""foafiaf:Rockford,_Illinois""]",,,,,,,,,,dbr:United_States,http://dbpedia.org/resource/Central_Time_Zone,,,,,,,,,,,,,
foafiaf:RACVB,foaf:Organization,"[""schema:Organization"",""dbo:organization""]",dbo:Non-ProfitOrganisation,,,,,RACVB,Rockford Area Convention & Visitors Bureau,,foafiaf:President_RACVB,,,,,,"[""foafiaf:Rockford,_Illinois""]",,,,,,,,,,dbr:United_States,http://dbpedia.org/resource/Central_Time_Zone,,,,,,,,,,,,https://www.linkedin.com/company/rockford-area-convention-&-visitors-bureau,
foafiaf:RAEDC,foaf:Organization,"[""schema:Organization"",""dbo:organization""]",dbo:Non-ProfitOrganisation,,,,,RAEDC,Rockford Area Economic Development Council,,,,,,,,"[""foafiaf:Rockford,_Illinois""]",,,,,,,,,,dbr:United_States,http://dbpedia.org/resource/Central_Time_Zone,,,,,,,,,,,,https://www.linkedin.com/company/rockford-area-economic-development-council,
foafiaf:RAVE,foaf:Organization,"[""schema:Organization"",""dbo:organization""]",dbo:Non-ProfitOrganisation,,,,,RAVE,RAVE,,,,,,,,"[""foafiaf:Rockford,_Illinois""]",,,,,,,,,,dbr:United_States,,,,,,,,,,,,,,
foafiaf:reinhart-boerner-van-deuren-s-c-,foaf:Organization,"[""schema:Organization"",""dbo:organization""]",dbo:Company,,,,,Reinhart Boerner Van Deuren,Reinhart Boerner Van Deuren s.c.,,,,,,,,"[""foafiaf:Rockford,_Illinois""]",,,,,,,,,,dbr:United_States,http://dbpedia.org/resource/Central_Time_Zone,,,,,,,,,,,,https://www.linkedin.com/company/reinhart-boerner-van-deuren-s-c-,
foafiaf:Reno_&_Zahm_LLP,foaf:Organization,"[""schema:Organization"",""dbo:organization""]",dbo:Company,,,,,Reno & Zahm,Reno & Zahm LLP,,,,,,,,"[""foafiaf:Rockford,_Illinois""]",,,,,,,,,,dbr:United_States,http://dbpedia.org/resource/Central_Time_Zone,,,,,,,,,,,,,
foafiaf:RMAP,foaf:Organization,"[""schema:Organization"",""dbo:organization""]",dbo:Non-ProfitOrganisation,,,,,RMAP,RMAP,,,,,,,,"[""foafiaf:Rockford,_Illinois""]",,,,,,,,,,dbr:United_States,,,,,,,,,,,,,,
foafiaf:Rock_River_Training_Corporation,foaf:Organization,"[""schema:Organization"",""dbo:organization""]",dbo:NGO,,,,,Rock River Training Corporation,Rock River Training Corporation,,,,,,,,"[""foafiaf:Rockford,_Illinois""]",,,,,,,,,,dbr:United_States,http://dbpedia.org/resource/Central_Time_Zone,,,,,,,,,,,,,
foafiaf:Rock_Valley_College,foaf:Organization,"[""schema:Organization"",""dbo:organization""]",dbr:Community_college,,,dbr:Rock_Valley_College,,Rock Valley College,Rock Valley College,,"[""foafiaf:President_of_Rock_Valley_College""]",,Arvee the Golden Eagle,,,,"[""foafiaf:Rockford,_Illinois""]","[""foafiaf:sector_205""]",,,,,,,,,dbr:United_States,http://dbpedia.org/resource/Central_Time_Zone,,,,,,,,,,,,,
foafiaf:rockford_area_ventures_inc,foaf:Organization,"[""schema:Organization"",""dbo:organization""]",dbo:Non-ProfitOrganisation,,,,,"Rockford Area Ventures, Inc.","Rockford Area Ventures, Inc.",,,,,,,,"[""foafiaf:Rockford,_Illinois""]",,,,,,,,,,dbr:United_States,http://dbpedia.org/resource/Central_Time_Zone,,,,,,,,,,,,https://www.linkedin.com/company/rockford-area-ventures-inc,
foafiaf:Rockford_Bank_and_Trust,foaf:Organization,"[""schema:Organization"",""dbo:organization""]",dbo:Company,,,,,Rockford Bank and Trust,Rockford Bank and Trust,,,,,,,,"[""foafiaf:Rockford,_Illinois""]",,,,,,,,,,dbr:United_States,http://dbpedia.org/resource/Central_Time_Zone,,,,,,,,,,,,,
foafiaf:Rockford_Chamber,foaf:Organization,"[""schema:Organization"",""dbo:organization""]",dbo:Non-ProfitOrganisation,,,foafiaf:rockford_chamber_of_commerce,,Rockford Chamber,Rockford Chamber,,,,,,,,"[""foafiaf:Rockford,_Illinois""]","[""foafiaf:_sector_11"",""foafiaf:_sector_30""]",,,,,,,,,dbr:United_States,http://dbpedia.org/resource/Central_Time_Zone,,,,,,,,,,,,,
foafiaf:rockford_chamber_of_commerce,foaf:Organization,"[""schema:Organization"",""dbo:organization""]",dbo:Non-ProfitOrganisation,,,,,Rockford Area Chamber of Commerce,Rockford Area Chamber of Commerce,,"[{""@id"":""foafiaf:Rockford_Chamber_of_Commerce_Member"",""@type"":""org:Role"",""rdfs:label"":""Member of Rockford Chamber of Commerce""},{""@id"":""foafiaf:Rockford_Chamber_of_Commerce_Board_Member"",""@type"":""org:Role"",""rdfs:label"":""Board of Directors Member of Rockford Chamber of Commerce""},{""@id"":""foafiaf:Rockford_Chamber_of_Commerce_Board_Chairman"",""@type"":""org:Role"",""rdfs:label"":""Chairman of the Board of Directors of Rockford Chamber of Commerce""}]",,,,,,"[""foafiaf:Rockford,_Illinois""]",,,,,,,,,,dbr:United_States,http://dbpedia.org/resource/Central_Time_Zone,,,,,,,,,,,,https://www.linkedin.com/company/rockford-chamber-of-commerce,
foafiaf:Rockford_City_Council,foaf:Organization,"[""schema:Organization"",""dbo:organization""]",dbo:Legislature,,"""http://dbpedia.org/ontology/Place""",,,Rockford City Council,Rockford City Council,foafiaf:city-of-rockford-illinois,"[""foafiaf:Rockford_City_Council_Alderman""]",,,,,,"[""foafiaf:Rockford,_Illinois""]","[""foafiaf:sector_202""]",,,,,,,,,dbr:United_States,http://dbpedia.org/resource/Central_Time_Zone,,,,,,,,,,,,,
foafiaf:Rockford_Education_Association,foaf:Organization,"[""schema:Organization"",""dbo:organization""]",dbo:NGO,,,,,Rockford Education Association,Rockford Education Association,,"[""foafiaf:Presidentof_Rockford_Education_Association""]",,,,,,"[""foafiaf:Rockford,_Illinois""]","[""foafiaf:sector_205""]",,,,,,,,,dbr:United_States,http://dbpedia.org/resource/Central_Time_Zone,,,,,,,,,,,,,
foafiaf:Rockford_First,foaf:Organization,"[""schema:Organization"",""dbo:organization""]",dbo:Faith,,,,,Rockford First,Rockford First,,,,,,,,"[""foafiaf:Rockford,_Illinois""]","[""foafiaf:_sector_40""]",,,,,,,,,dbr:United_States,http://dbpedia.org/resource/Central_Time_Zone,,,,,,,,,,,,,
foafiaf:Rockford_Health_Council,foaf:Organization,"[""schema:Organization"",""dbo:organization""]",dbo:Non-ProfitOrganisation,,,,,Rockford Health Council,Rockford Health Council,,,,,,,,"[""foafiaf:Rockford,_Illinois""]","[""foafiaf:_sector_263"",""foafiaf:_sector_30""]",,,,,,,,,dbr:United_States,http://dbpedia.org/resource/Central_Time_Zone,,,,,,,,,,,,,
foafiaf:Rockford_Health_System,foaf:Organization,"[""schema:Organization"",""dbo:organization""]",dbo:Non-ProfitOrganisation,,,,,Rockford Health System,Rockford Health System,,,,,,,,"[""foafiaf:Rockford,_Illinois""]","[""foafiaf:_sector_263"",""foafiaf:_sector_30""]",,,,,,,,,dbr:United_States,http://dbpedia.org/resource/Central_Time_Zone,,,,,,,,,,,,,
foafiaf:Rockford_Illinois_Fire_Department,foaf:Organization,"[""schema:Organization"",""dbo:organization""]",dbo:GovernmentAgency,,,,,Rockford Fire Department,Rockford Fire Department,foafiaf:city-of-rockford-illinois,,,,,,,"[""foafiaf:Rockford,_Illinois""]",,,,,,,,,,dbr:United_States,http://dbpedia.org/resource/Central_Time_Zone,,,,,,,,,,,,,
foafiaf:Rockford_Illinois_Housing_Authority,foaf:Organization,"[""schema:Organization"",""dbo:organization""]",dbo:GovernmentAgency,,,,,Rockford Housing Authority,Rockford Housing Authority,foafiaf:city-of-rockford-illinois,"[""foafiaf:ExecutiveDirectorof_Rockford_Illinois_Housing_Authority""]",,,,,,"[""foafiaf:Rockford,_Illinois""]","[""foafiaf:sector_202""]",,,,,,,,,dbr:United_States,http://dbpedia.org/resource/Central_Time_Zone,,,,,,,,,,,,,
foafiaf:Rockford_Illinois_Park_District,foaf:Organization,"[""schema:Organization"",""dbo:organization""]",dbo:GovernmentAgency,,,,,Rockford Park District,Rockford Park District,foafiaf:city-of-rockford-illinois,"[""foafiaf:ExecutiveDirectorof_Rockford_Illinois_Park_District""]",,,,,,"[""foafiaf:Rockford,_Illinois""]","[""foafiaf:sector_202""]",,,,,,,,,dbr:United_States,http://dbpedia.org/resource/Central_Time_Zone,,,,,,,,,,,,,
foafiaf:Rockford_Illinois_Police_Department,foaf:Organization,"[""schema:Organization"",""dbo:organization""]",dbo:GovernmentAgency,,,,,Rockford Police Department,Rockford Police Department,foafiaf:city-of-rockford-illinois,,,,,,,"[""foafiaf:Rockford,_Illinois""]",,,,,,,,,,dbr:United_States,http://dbpedia.org/resource/Central_Time_Zone,,,,,,,,,,,,,
foafiaf:Rockford_Illinois_Public_Library,foaf:Organization,"[""schema:Organization"",""dbo:organization""]",dbo:Library,,,,,Rockford Illinois Public Library,Rockford Illinois Public Library,foafiaf:city-of-rockford-illinois,"[""foafiaf:ExecutiveDirectorof_Rockford_Illinois_Public_Library""]",,,,,,"[""foafiaf:Rockford,_Illinois""]",,,,,,,,,,dbr:United_States,http://dbpedia.org/resource/Central_Time_Zone,,,,,,,,,,,,,
foafiaf:Rockford_Public_School_District_205,foaf:Organization,"[""schema:Organization"",""dbo:organization""]",dbo:EducationalInstitution ,dbr:State_school,,dbr:Rockford_Public_School_District_205,Rockford Public School District,Rockford Public School District 205,Rockford Public School District 205,,"[""foafiaf:Superintendent_Rockford_Public_School_District_205""]",,,,,,"[""foafiaf:Rockford,_Illinois""]","[""foafiaf:_sector_12"",""foafiaf:sector_205""]","4,800",,,,,,,,dbr:United_States,http://dbpedia.org/resource/Central_Time_Zone,,,"Rockford Public Schools, officially designated by the state as Rockford Public Schools District 205 is a large unit school district located in Rockford, Illinois. As of 2012, the district has an enrollment of 26,980 students, making it the fourth-largest school district by enrollment. ",,,,,,,,,,
foafiaf:Rockford_Rescue_Mission,foaf:Organization,"[""schema:Organization"",""dbo:organization""]",dbo:Non-ProfitOrganisation,,,,,Rockford Rescue Mission,Rockford Rescue Mission,,,,,,,,"[""foafiaf:Rockford,_Illinois""]","[""foafiaf:_sector_263"",""foafiaf:_sector_30""]",,,,,,,,,dbr:United_States,http://dbpedia.org/resource/Central_Time_Zone,,,,,,,,,,,,,
foafiaf:Rockford_University,foaf:Organization,"[""schema:Organization"",""dbo:organization""]","[""dbo:University"",""dbr:Private_school"",""dbr:Graduate_school""]",Private undergraduate and graduate liberal arts,,dbr:Rockford_University,,Rockford University,Rockford University,,"[""foafiaf:Presidentof_Rockford_University""]",Regents,Decus et Veritas (Honor and Truth),,,,"[""foafiaf:Rockford,_Illinois""]","[""foafiaf:sector_205""]",,,,,,,,,dbr:United_States,http://dbpedia.org/resource/Central_Time_Zone,,,,,,,,,,,,https://www.linkedin.com/company/rockford-college,
foafiaf:rockford-register-star,foaf:Organization,"[""schema:Organization"",""dbo:organization""]",dbo:Company,,,,,Rockford Register Star,Rockford Register Star,,,,,,,,"[""foafiaf:Rockford,_Illinois""]",,,,,,,,,,dbr:United_States,http://dbpedia.org/resource/Central_Time_Zone,,,,,,,,,,,,https://www.linkedin.com/company/rockford-register-star,
foafiaf:Rosecrance,foaf:Organization,"[""schema:Organization"",""dbo:organization""]",dbo:Non-ProfitOrganisation,,,,,Rosecrance,Rosecrance,,,,,,,,"[""foafiaf:Rockford,_Illinois""]","[""foafiaf:_sector_263"",""foafiaf:_sector_30""]",,,,,,,,,dbr:United_States,http://dbpedia.org/resource/Central_Time_Zone,,,,,,,,,,,,,
foafiaf:stenstrom-companies-ltd,foaf:Organization,"[""schema:Organization"",""dbo:organization""]",dbo:Company,,,,,Stenstrom,Stenstrom Companies Ltd,,,,,,,,"[""foafiaf:Rockford,_Illinois""]",,,,,,,,,,dbr:United_States,http://dbpedia.org/resource/Central_Time_Zone,,,,,,,,,,,,https://www.linkedin.com/company/stenstrom-companies-ltd,
foafiaf:supplycore-inc.,foaf:Organization,"[""schema:Organization"",""dbo:organization""]",dbo:Company,,,,,Supplycore,"Supplycore, Inc.",,,,,,,,"[""foafiaf:Rockford,_Illinois""]",,,,,,,,,,dbr:United_States,http://dbpedia.org/resource/Central_Time_Zone,,,,,,,,"dbr:Rockford,_Illinois",,,,https://www.linkedin.com/company/supplycore-inc.,
foafiaf:Swedish_American_Health_System,foaf:Organization,"[""schema:Organization"",""dbo:organization""]",dbo:Non-ProfitOrganisation,,,,Swedish American Hospital,Swedish American Health System,Swedish American Health System,,,,,,,,"[""foafiaf:Rockford,_Illinois""]","[""foafiaf:_sector_12"",""foafiaf:_sector_263""]","2,600",,,,,,,,dbr:United_States,http://dbpedia.org/resource/Central_Time_Zone,,,,,,,,,,,,,
foafiaf:Ticomix,foaf:Organization,"[""schema:Organization"",""dbo:organization""]",dbo:Company,,,,,Ticomix,Ticomix,,,,,,,,"[""foafiaf:Loves_Park,_Illinois""]",,,,,,,,,,dbr:United_States,http://dbpedia.org/resource/Central_Time_Zone,,,,,,,,,,,,,
foafiaf:TR_Arts_Receation_Spoke_Team,foaf:Organization,"[""schema:Organization"",""dbo:organization""]",org:OrganizationalUnit,,,,,Arts & Receation Spoke Team ,Arts & Receation Spoke Team ,,,,,,,,,"[""foafiaf:TR_Spoke_Teams""]",,,,,,,,,dbr:United_States,http://dbpedia.org/resource/Central_Time_Zone,,,,,,,,,,,,,
foafiaf:TR_Communications_Spoke_Team,foaf:Organization,"[""schema:Organization"",""dbo:organization""]",org:OrganizationalUnit,,,,,Communications Spoke Team ,Communications Spoke Team ,,,,,,,,,"[""foafiaf:TR_Spoke_Teams""]",,,,,,,,,dbr:United_States,http://dbpedia.org/resource/Central_Time_Zone,,,,,,,,,,,,,
foafiaf:TR_Communications_Team,foaf:Organization,"[""schema:Organization"",""dbo:organization""]",org:OrganizationalUnit,,,,,Communications Team,Transform Rockford Communications Support Team,foafiaf:TR_Support_Teams,"[""foafiaf:TR_Communications_Team_Co-Lead"",""foafiaf:TR_Communications_Team_Member""]",,,,,,,"[""foafiaf:TR_Support_Teams""]",,,,,,,,,dbr:United_States,http://dbpedia.org/resource/Central_Time_Zone,,,,,,,,,,,,,
foafiaf:TR_Economy_Jobs_Spoke_Team,foaf:Organization,"[""schema:Organization"",""dbo:organization""]",org:OrganizationalUnit,,,,,Economy & Jobs Spoke Team ,Economy & Jobs Spoke Team ,,,,,,,,,"[""foafiaf:TR_Spoke_Teams""]",,,,,,,,,dbr:United_States,http://dbpedia.org/resource/Central_Time_Zone,,,,,,,,,,,,,
foafiaf:TR_Education_Spoke_Team,foaf:Organization,"[""schema:Organization"",""dbo:organization""]",org:OrganizationalUnit,,,,,Education Spoke Team ,Education Spoke Team ,,,,,,,,,"[""foafiaf:TR_Spoke_Teams""]",,,,,,,,,dbr:United_States,http://dbpedia.org/resource/Central_Time_Zone,,,,,,,,,,,,,
foafiaf:TR_Engagement_Team,foaf:Organization,"[""schema:Organization"",""dbo:organization""]",org:OrganizationalUnit,,,,,Engagement Team,Transform Rockford Engagement Support Team,foafiaf:TR_Support_Teams,"[""foafiaf:TR_Engagement_Team_Co-Lead"",""foafiaf:TR_Engagement_Team_Member""]",,,,,,,"[""foafiaf:TR_Support_Teams""]",,,,,,,,,dbr:United_States,http://dbpedia.org/resource/Central_Time_Zone,,,,,,,,,,,,,
foafiaf:TR_Family_Neigborhoods_Spoke_Team,foaf:Organization,"[""schema:Organization"",""dbo:organization""]",org:OrganizationalUnit,,,,,Family & Neigborhoods Spoke Team ,Family & Neigborhoods Spoke Team ,,,,,,,,,"[""foafiaf:TR_Spoke_Teams""]",,,,,,,,,dbr:United_States,http://dbpedia.org/resource/Central_Time_Zone,,,,,,,,,,,,,
foafiaf:TR_Funding_Alignment_Spoke_Team,foaf:Organization,"[""schema:Organization"",""dbo:organization""]",org:OrganizationalUnit,,,,,Funding & Alignment Spoke Team ,Funding & Alignment Spoke Team ,,,,,,,,,"[""foafiaf:TR_Spoke_Teams""]",,,,,,,,,dbr:United_States,http://dbpedia.org/resource/Central_Time_Zone,,,,,,,,,,,,,
foafiaf:TR_Funding_Our_Future_Team,foaf:Organization,"[""schema:Organization"",""dbo:organization""]",org:OrganizationalUnit,,,,,Funding Our Future Team,Transform Rockford Funding Our Future Segment Team,,,,,,,,,"[""foafiaf:TR_Segment_Teams"",""segment:01""]",,,,,,,,,dbr:United_States,http://dbpedia.org/resource/Central_Time_Zone,,,,,,,,,,,,,
foafiaf:TR_Healthy_Lifestyles_Spoke_Team,foaf:Organization,"[""schema:Organization"",""dbo:organization""]",org:OrganizationalUnit,,,,,Healthy Lifestyles Spoke Team ,Healthy Lifestyles Spoke Team ,,,,,,,,,"[""foafiaf:TR_Spoke_Teams""]",,,,,,,,,dbr:United_States,http://dbpedia.org/resource/Central_Time_Zone,,,,,,,,,,,,,
foafiaf:TR_Leadership_Development_Team,foaf:Organization,"[""schema:Organization"",""dbo:organization""]",org:OrganizationalUnit,,,,,Leadership Development Team,Transform Rockford Leadership Development Support Team,foafiaf:TR_Support_Teams,"[""foafiaf:TR_Leadership_Development_Team_Co-Lead"",""foafiaf:TR_Leadership_Development_Team_Member""]",,,,,,,"[""foafiaf:TR_Support_Teams""]",,,,,,,,,dbr:United_States,http://dbpedia.org/resource/Central_Time_Zone,,,,,,,,,,,,,
foafiaf:TR_Leadership_Youth_Spoke_Team,foaf:Organization,"[""schema:Organization"",""dbo:organization""]",org:OrganizationalUnit,,,,,Leadership & Youth Spoke Team ,Leadership & Youth Spoke Team ,,,,,,,,,"[""foafiaf:TR_Spoke_Teams""]",,,,,,,,,dbr:United_States,http://dbpedia.org/resource/Central_Time_Zone,,,,,,,,,,,,,
foafiaf:TR_Living_the_Brand_Spoke_Team,foaf:Organization,"[""schema:Organization"",""dbo:organization""]",org:OrganizationalUnit,,,,,Living the Brand Spoke Team ,Living the Brand Spoke Team ,,,,,,,,,"[""foafiaf:TR_Spoke_Teams""]",,,,,,,,,dbr:United_States,http://dbpedia.org/resource/Central_Time_Zone,,,,,,,,,,,,,
foafiaf:TR_Physical_Infrastructure_Spoke_Team,foaf:Organization,"[""schema:Organization"",""dbo:organization""]",org:OrganizationalUnit,,,,,Physical Infrastructure Spoke Team ,Physical Infrastructure Spoke Team ,,,,,,,,,"[""foafiaf:TR_Spoke_Teams""]",,,,,,,,,dbr:United_States,http://dbpedia.org/resource/Central_Time_Zone,,,,,,,,,,,,,
foafiaf:TR_Planning_Spoke_Team,foaf:Organization,"[""schema:Organization"",""dbo:organization""]",org:OrganizationalUnit,,,,,Planning Spoke Team ,Planning Spoke Team ,,,,,,,,,"[""foafiaf:TR_Spoke_Teams""]",,,,,,,,,dbr:United_States,http://dbpedia.org/resource/Central_Time_Zone,,,,,,,,,,,,,
foafiaf:TR_Process_Analysis_Team,foaf:Organization,"[""schema:Organization"",""dbo:organization""]",org:OrganizationalUnit,,,,,Process Analysis Team,Transform Rockford Process Analysis Support Team,foafiaf:TR_Support_Teams,"[""foafiaf:TR_Process_Analysis_Team_Co-Lead"",""foafiaf:TR_Process_Analysis_Team_Member""]",,,,,,,"[""foafiaf:TR_Support_Teams""]",,,,,,,,,dbr:United_States,http://dbpedia.org/resource/Central_Time_Zone,,,,,,,,,,,,,
foafiaf:TR_Quality_Spoke_Team,foaf:Organization,"[""schema:Organization"",""dbo:organization""]",org:OrganizationalUnit,,,,,Quality Spoke Team ,Quality Spoke Team ,,,,,,,,,"[""foafiaf:TR_Spoke_Teams""]",,,,,,,,,dbr:United_States,http://dbpedia.org/resource/Central_Time_Zone,,,,,,,,,,,,,
foafiaf:TR_Reframing_a_21st_Century_Community_Team,foaf:Organization,"[""schema:Organization"",""dbo:organization""]",org:OrganizationalUnit,,,,,Reframing a 21st Century Community Team,Transform Rockford Reframing a 21st Century Community Segment Team,,,,,,,,,"[""foafiaf:TR_Segment_Teams"",""segment:02""]",,,,,,,,,dbr:United_States,http://dbpedia.org/resource/Central_Time_Zone,,,,,,,,,,,,,
foafiaf:TR_Renewal_Team,foaf:Organization,"[""schema:Organization"",""dbo:organization""]",org:OrganizationalUnit,,,,,Renewal Team,Transform Rockford Renewal Segment Team,,,,,,,,,"[""foafiaf:TR_Segment_Teams"",""segment:03""]",,,,,,,,,dbr:United_States,http://dbpedia.org/resource/Central_Time_Zone,,,,,,,,,,,,,
foafiaf:TR_Revitalization_Team,foaf:Organization,"[""schema:Organization"",""dbo:organization""]",org:OrganizationalUnit,,,,,Revitalization Team,Transform Rockford Revitalization Segment Team,,,,,,,,,"[""foafiaf:TR_Segment_Teams"",""segment:04""]",,,,,,,,,dbr:United_States,http://dbpedia.org/resource/Central_Time_Zone,,,,,,,,,,,,,
foafiaf:TR_Safety_Spoke_Team,foaf:Organization,"[""schema:Organization"",""dbo:organization""]",org:OrganizationalUnit,,,,,Safety Spoke Team ,Safety Spoke Team ,,,,,,,,,"[""foafiaf:TR_Spoke_Teams""]",,,,,,,,,dbr:United_States,http://dbpedia.org/resource/Central_Time_Zone,,,,,,,,,,,,,
foafiaf:TR_Segment_Teams,foaf:Organization,"[""schema:Organization"",""dbo:organization""]",org:OrganizationalUnit,,,,,Segment Teams,Transform Rockford Segment Teams,foafiaf:transform-rockford,,,,,,,,foafiaf:transform-rockford,,,,,,,,,dbr:United_States,http://dbpedia.org/resource/Central_Time_Zone,,,,,,,,,,,,,
foafiaf:TR_Sense_of_Place_Team,foaf:Organization,"[""schema:Organization"",""dbo:organization""]",org:OrganizationalUnit,,,,,Sense of Place Team,Transform Rockford Sense of Place Segment Team,,,,,,,,,"[""foafiaf:TR_Segment_Teams"",""segment:05""]",,,,,,,,,dbr:United_States,http://dbpedia.org/resource/Central_Time_Zone,,,,,,,,,,,,,
foafiaf:TR_Spoke_Teams,foaf:Organization,"[""schema:Organization"",""dbo:organization""]",org:OrganizationalUnit,,,,,Spoke Teams,Transform Rockford Spoke Teams,foafiaf:TR_Segment_Teams,,,,,,,,foafiaf:transform-rockford,,,,,,,,,dbr:United_States,http://dbpedia.org/resource/Central_Time_Zone,,,,,,,,,,,,,
foafiaf:TR_Staff_Team,foaf:Organization,"[""schema:Organization"",""dbo:organization""]",org:OrganizationalUnit,,,,,Staff Team,Transform Rockford Staff,foafiaf:transform-rockford,"[""foafiaf:transform-rockford_Executive_Director"",""foafiaf:transform-rockford_Program_Director"",""foafiaf:transform-rockford_Project_Director"",""foafiaf:transform-rockford_Communication_Manager"",""foafiaf:transform-rockford_Office_Manager""]",,,,,,,foafiaf:transform-rockford,,,,,,,,,dbr:United_States,http://dbpedia.org/resource/Central_Time_Zone,,,,,,,,,,,,,
foafiaf:TR_Steering_Committee,foaf:Organization,"[""schema:Organization"",""dbo:organization""]",org:OrganizationalUnit,,,,,Steering Committee,Transform Rockford Steering Committee,foafiaf:transform-rockford,foafiaf:TR_Steering_Committee_Member,,,,,,,foafiaf:transform-rockford,,,,,,,,,dbr:United_States,http://dbpedia.org/resource/Central_Time_Zone,,,,,,,,,,,,,
foafiaf:TR_Support_Teams,foaf:Organization,"[""schema:Organization"",""dbo:organization""]",org:OrganizationalUnit,,,,,Support Teams,Transform Rockford Support Teams,foafiaf:transform-rockford,,,,,,,,"[""foafiaf:transform-rockford""]",,,,,,,,,dbr:United_States,http://dbpedia.org/resource/Central_Time_Zone,,,,,,,,,,,,,
foafiaf:TR_Technology_Team,foaf:Organization,"[""schema:Organization"",""dbo:organization""]",org:OrganizationalUnit,,,,,Technology Team,Transform Rockford Technology Support Team,foafiaf:TR_Support_Teams,"[""foafiaf:TR_Technology_Team_Co-Lead"",""foafiaf:TR_Technology_Team_Member""]",,,,,,,"[""foafiaf:TR_Support_Teams""]",,,,,,,,,dbr:United_States,http://dbpedia.org/resource/Central_Time_Zone,,,,,,,,,,,,,
foafiaf:TR_UnityPrideCulture_Spoke_Team,foaf:Organization,"[""schema:Organization"",""dbo:organization""]",org:OrganizationalUnit,,,,,"Unity, Pride, Culture Spoke Team ","Unity, Pride, Culture Spoke Team ",,,,,,,,,"[""foafiaf:TR_Spoke_Teams""]",,,,,,,,,dbr:United_States,http://dbpedia.org/resource/Central_Time_Zone,,,,,,,,,,,,,
foafiaf:transform-rockford,foaf:Organization,"[""schema:Organization"",""dbo:organization""]",org:Organization,,,,,Transform Rockford,Transform Rockford,,"[""foafiaf:transform-rockford_Volunteer_Member""]",,,,,,"[""foafiaf:Rockford,_Illinois""]",foafiaf:transform-rockford,,,,,,,,,dbr:United_States,http://dbpedia.org/resource/Central_Time_Zone,,,,,,,"dbr:Rockford,_Illinois","dbr:Rockford,_Illinois",,,,https://www.linkedin.com/company/transform-rockford,Civic & Social Organization
foafiaf:trekk,foaf:Organization,"[""schema:Organization"",""dbo:organization""]",dbo:Company,,,,,"Trekk, Inc.","TREKK DESIGN, INC.",,"[{""@id"":""foafiaf:TREKK_CTO"",""@type"":""org:Role"",""rdfs:label"":""CTO of Trekk, Inc.""}]",,,,,,"[""foafiaf:Rockford,_Illinois""]",,,,,,,,,,dbr:United_States,http://dbpedia.org/resource/Central_Time_Zone,,,,,,,,"dbr:Rockford,_Illinois",,,,https://www.linkedin.com/company/trekk,
foafiaf:United_Parcel_Service,foaf:Organization,"[""schema:Organization"",""dbo:organization""]",dbo:Company,Public company,,,United Parcel Service,United Parcel Service,United Parcel Service,,,,,,,,"[""foafiaf:Rockford,_Illinois""]","[""foafiaf:_sector_12""]","2,000",,,,,,,,dbr:United_States,,,,,,,,,,,,dbr:Courier,,
foafiaf:United_States_House_of_Representatives,foaf:Organization,"[""schema:Organization"",""dbo:organization""]",dbo:Legislature,,,,,US House of Representatives,United States House of Representatives,,"[""foafiaf:United_States_Congressman"",""foafiaf:United_States_Congressional_Staff""]",,,,,,"[""foafiaf:Washington,_D.C.""]","[""foafiaf:sector_201""]",,,,,,,,,dbr:United_States,,,,,,,,,,,,,,
foafiaf:United_States_Senate,foaf:Organization,"[""schema:Organization"",""dbo:organization""]",dbo:Legislature,,,,,US Senate,United States Senate,,"[""foafiaf:United_States_Senator"",""foafiaf:United_States_Senator_Staff""]",,,http:/www.senate.gov,,,"[""foafiaf:Washington,_D.C.""]","[""foafiaf:sector_201""]",,,,,,,,,dbr:United_States,,,,,,,,,,,,,,
foafiaf:United_Way,foaf:Organization,"[""schema:Organization"",""dbo:organization""]",dbo:Non-ProfitOrganisation,,,,,United Way,United Way,,,,,,,,"[""foafiaf:Rockford,_Illinois""]",,,,,,,,,,dbr:United_States,http://dbpedia.org/resource/Central_Time_Zone,,,,,,,,,,,,,
foafiaf:united-technologies,foaf:Organization,"[""schema:Organization"",""dbo:organization""]",dbo:Company,,,,UTC Aerospace Systems,UTAS,United Technologies Aerospace Systems,,,,,,,,"[""foafiaf:Rockford,_Illinois""]","[""foafiaf:_sector_12""]","2,200",,,,,,,,dbr:United_States,http://dbpedia.org/resource/Central_Time_Zone,,,,,,,,,,,,https://www.linkedin.com/company/united-technologies,
foafiaf:University_of_Illinois_at_Chicago_College_of_Medicine,foaf:Organization,"[""schema:Organization"",""dbo:organization""]",dbo:University,dbr:Public_university,,dbr:University_of_Illinois_at_Chicago_College_of_Medicine,,UIC College of Medicine,University of Illinois at Chicago College of Medicine,,,,,,,,"foafiaf:Boone_County,_Illinois",,,,,,,,,,dbr:United_States,,,,,,,,,,,,,,
foafiaf:University_of_Illinois_College_of_Medicine,foaf:Organization,"[""schema:Organization"",""dbo:organization""]",dbo:University,,,,,University of Illinois College of Medicine,University of Illinois College of Medicine,,"[""foafiaf:Dean_University_of_Illinois_College_of_Medicine""]",,,,,,"[""foafiaf:Rockford,_Illinois""]","[""foafiaf:sector_205""]",,,,,,,,,dbr:United_States,http://dbpedia.org/resource/Central_Time_Zone,,,,,,,,,,,,,
foafiaf:william-charles-investments,foaf:Organization,"[""schema:Organization"",""dbo:organization""]",dbo:Company,,,,,William Charles Investments,William Charles Investments,,,,,,,,"[""foafiaf:Rockford,_Illinois""]",,,,,,,,,,dbr:United_States,http://dbpedia.org/resource/Central_Time_Zone,,,,,,,,,,,,https://www.linkedin.com/company/william-charles-investments,
foafiaf:Winnebago_County_Forest_Preserve_District,foaf:Organization,"[""schema:Organization"",""dbo:organization""]",dbo:GovernmentAgency,,,,,Winnebago County Forest Preserve District,Winnebago County Forest Preserve District,foafiaf:winnebago-county,,,,,,,"[""foafiaf:Winnebago_County,_Illinois""]",,,,,,,,,,dbr:United_States,http://dbpedia.org/resource/Central_Time_Zone,,,,,,,,,,,,,
foafiaf:Winnebago_County_Illinois_Health_Department,foaf:Organization,"[""schema:Organization"",""dbo:organization""]",dbo:GovernmentAgency,,,,,Winnebago County Illinois Health Department,Winnebago County Illinois Health Department,foafiaf:winnebago-county,"[""foafiaf:ExecutiveDirectorof_Winnebago_County_Illinois_Health_Department""]",,,,,,"[""foafiaf:Winnebago_County,_Illinois""]","[""foafiaf:sector_202""]",,,,,,,,,dbr:United_States,http://dbpedia.org/resource/Central_Time_Zone,,,,,,,,,,,,,
foafiaf:Winnebago_County_Illinois_Housing_Authority,foaf:Organization,"[""schema:Organization"",""dbo:organization""]",dbo:GovernmentAgency,,,,,Winnebago County Housing Authority,Winnebago County Housing Authority,foafiaf:winnebago-county,"[""foafiaf:ExecutiveDirectorof_Winnebago_County_Illinois_Housing_Authority""]",,,,,,"[""foafiaf:Winnebago_County,_Illinois"",""foafiaf:Boone_County,_Illinois""]","[""foafiaf:sector_202""]",,,,,,,,,dbr:United_States,http://dbpedia.org/resource/Central_Time_Zone,,,,,,,,,,,,,
foafiaf:winnebago-county,foaf:Organization,"[""schema:Organization"",""dbo:organization""]",dbo:Municipality,,,,County of Winnebago,"Winnebago County, Illinois",Winnebago County,,"[""foafiaf:Board_Chairman_of_Winnebago_County,_Illinois""]",,,,,"wikipedia-en:Winnebago_County,_Illinois","foafiaf:Winnebago_County,_Illinois","[""foafiaf:_sector_12""]","1,602",,,,,,,,dbr:United_States,http://dbpedia.org/resource/Central_Time_Zone,,,,,,,,,,,,,
"foafiaf:Woodward,_Inc.",foaf:Organization,"[""schema:Organization"",""dbo:organization""]",dbo:Company,dbr:Public_company,,"dbr:Woodward,_Inc.","wiki:Woodward,_Inc.",Woodward,"Woodward, Inc.",,foafiaf:Woodward_CEO,,,http://www.woodward.com,,,"[""foafiaf:Loves_Park,_Illinois""]","[""foafiaf:_sector_12""]","1,200",,,,40.553736111111114 -105.06106111111112,,,,dbr:United_States,http://dbpedia.org/resource/Central_Time_Zone,foafiaf:Tom_Gendron,"[""dbr:Chairman"",""dbr:Chief_executive_officer""]",,,,,"foafiaf:Loves_Park,_Illinois","dbr:Fort_Collins,_Colorado",dbr:Control_system,,"[dbr:Electricity_generation"",""dbr:Aerospace_engineering""]",https://www.linkedin.com/company/woodward,Aviation & Aerospace
foafiaf:Workforce_Development_Board,foaf:Organization,"[""schema:Organization"",""dbo:organization""]",dbo:NGO,,,,,Workforce Development Board,Workforce Development Board,,,,,,,,"[""foafiaf:Rockford,_Illinois""]","[""_sector_206""]",,,,,,,,,dbr:United_States,http://dbpedia.org/resource/Central_Time_Zone,,,,,,,,,,,,,
foafiaf:workplace,foaf:Organization,"[""schema:Organization"",""dbo:organization""]",dbo:Company,,,,,workplace,workplace,,,,,,,,"[""foafiaf:Rockford,_Illinois""]",,,,,,,,,,dbr:United_States,http://dbpedia.org/resource/Central_Time_Zone,,,,,,,,,,,,https://www.linkedin.com/company/workplace,
foafiaf:ymca-of-rock-river-valley-inc-,foaf:Organization,"[""schema:Organization"",""dbo:organization""]",dbo:Non-ProfitOrganisation,,,,,Rockford YMCA,Rockford YMCA,,,,,,,,"[""foafiaf:Rockford,_Illinois""]",,,,,,,,,,dbr:United_States,http://dbpedia.org/resource/Central_Time_Zone,,,,,,,,,,,,https://www.linkedin.com/company/ymca-of-rock-river-valley-inc-,
foafiaf:zion-development,foaf:Organization,"[""schema:Organization"",""dbo:organization""]",dbo:Non-ProfitOrganisation,,,,,ZION Development,ZION Development,,,,,,,,"[""foafiaf:Rockford,_Illinois""]",,,,,,,,,,dbr:United_States,http://dbpedia.org/resource/Central_Time_Zone,,,,,,,,,,,,https://www.linkedin.com/company/zion-development,
