ObjectiveName	ObjectiveDescription	PerspectiveName	PrefixName	OwnerID
Safety	All people are safe and feel safe regardless of address.	Renewal	Segment Teams	80
Healthy Lifestyles	Residents live healthy lifestyles and make informed choices. &nbsp;They have access to excellent, comprehensive services for health, wellness and recreation.&nbsp;	Renewal	Segment Teams	80
Education	Our pre-K through 12 schools and students are the pride of our community and are nationally recognized for excellence. &nbsp;All education and training programs are dynamic, provide accessible paths to fulfilling careers, and are highly valued by our citizens and employers.	Renewal	Segment Teams	80
Economy & Jobs	The region &nbsp;has a skilled and sought-after workforce - enabling all families to improve their standard of living. &nbsp;Our people are employed and per capita income is above the national average.<br /> <br /> As a hub of ideas and innovation, we nurture, grow and attract world-class industries and employers. We are recognized for leadership in advanced manufacturing, logistics and agribusiness.	Revitalization	Segment Teams	80
Planning	We take a purposeful, transparent, and results-oriented approach to planning for growth and renewal.&nbsp;	Funding our Future	Segment Teams	80
Living the Brand	All residents in the Rockford region see the community with new eyes. &nbsp;They feel proud of where they live, have confidence in the future and inspire others to conduct their lives in a way that promotes our region from within.	Reframing a 21st Century Community	Segment Teams	80
Funding and Alignment	Our local governments and not-for-profits are effective and properly supported and aligned with the community vision.	Funding our Future	Segment Teams	80
Quality	Our commitment to quality drives all community activities - delivering superior infrastructure, services and attractions.	Revitalization	Segment Teams	80
Physical Infrastructure	Our transportation and communication systems are robust and accessible. &nbsp;They efficiently connect people to opportunities and amenities within and beyond our area.	Revitalization	Segment Teams	80
Families and Neighborhoods	Strong, engaged individuals and families are the foundation of vibrant neighborhoods throughout the region. &nbsp;Neighborhoods are interconnected, adding to our sense of unity.&nbsp;	Sense of Place	Segment Teams	77
Leadership and Youth Segment	Our leaders are visionary, effective, respected and supported. They engage our youth and actively develop next-generation leaders.	Renewal	Segment Teams	80
Arts and Recreation	Diverse forms of creative expression and recreation flourish, and lead to self-fulfillment and national acclaim.	Sense of Place	Segment Teams	80
Unity, Pride, Culture	Our community is unified. &nbsp;We celebrate our diversity, take pride in our individual and collective accomplishments and live our shared values.	Sense of Place	Segment Teams	80
Increased foot patrols in neighborhoods.	This is default description text. You can edit it by finding General tab item from Administration &gt; Custom Tabs &gt; Objective Tabs	Internal Processes	No Prefix	71
Safety - Strategy #5	<span style="line-height: 13px; white-space: pre-wrap; font-family: arial, sans, sans-serif; font-size: 13px; background-color: #ffffff;"></span><span style="color: #777777; font-family: 'open sans', sans-serif; font-size: 16px; line-height: 27px; background-color: #ffffff;">The organization designing the Cultural Plan for Rockford in partnership with the RACV, and the Rockford Park Distrik will develop and imlent a comprehensive marekting plan to pulicize and promote Rockford and the Rockford region's arts, recreation and cultural events, opportunities, and assets to local, state, national, and global audiences.</span><br /> <span style="line-height: 13px; white-space: pre-wrap; font-family: arial, sans, sans-serif; font-size: 13px; background-color: #ffffff;"></span>	Renewal	Spoke Teams	80
Safety - Eliminate Domestic Violence	<span style="line-height: 27px; font-family: &quot;open sans&quot;, sans-serif; font-size: 16px; color: #777777; background-color: #ffffff;" id="docs-internal-guid-e1e2077f-9830-f4d4-cdd0-a6d284e65cd6"> <h3 dir="ltr" style="line-height: 1.2; margin-top: 0pt; margin-bottom: 6pt;"><span style="white-space: pre-wrap; line-height: 27px; font-family: calibri; font-size: 13px;" id="docs-internal-guid-e1e2077f-9833-536a-1dc3-647fcdba5393"> <h3 dir="ltr" style="line-height: 1.2; margin-top: 0pt; margin-bottom: 6pt;"><span style="font-family: calibri; font-size: 13.3333px; line-height: 27px;">Our community works together to prevent and stop domestic violence.</span></h3> </span></h3> </span>	Renewal	Spoke Teams	80
Safety - Cooperative Justice	<span style="line-height: 27px; font-family: &quot;open sans&quot;, sans-serif; font-size: 16px; color: #777777; background-color: #ffffff;"><span id="docs-internal-guid-e1e2077f-9832-70ea-b810-ca7fe8442a08" style="font-size: 13.3333px; font-family: calibri; vertical-align: baseline; white-space: pre-wrap;">Law enforcement agencies partner together to create a safe and secure community.</span><br /> </span>	Renewal	Spoke Teams	80
Safety - Empowering our Youth	<span style="line-height: 27px; font-family: &quot;open sans&quot;, sans-serif; font-size: 16px; color: #777777; background-color: #ffffff;" id="docs-internal-guid-5a5ee884-9835-950c-0729-4a7982256241"> <h3 dir="ltr" style="line-height: 1.2; margin-top: 0pt; margin-bottom: 6pt;"><span style="font-family: calibri; font-size: 13.3333px; white-space: pre-wrap; line-height: 27px;">Our community develops a sense of belonging and self-worth in our youth.</span></h3> </span>	Renewal	Spoke Teams	80
Safety - Community Engagement	<span style="line-height: 27px; font-family: &quot;open sans&quot;, sans-serif; font-size: 16px; color: #777777; background-color: #ffffff;" id="docs-internal-guid-e1e2077f-9834-9018-8c9d-90bfab0e49a8"> <h3 dir="ltr" style="line-height: 1.2; margin-top: 0pt; margin-bottom: 6pt;"><span style="font-family: calibri; font-size: 13.3333px; white-space: pre-wrap; line-height: 27px;">Our community takes responsibility for everyone&rsquo;s safety.</span></h3> </span>	Renewal	Spoke Teams	80
Framework	<span id="docs-internal-guid-f28a0599-116d-5e2f-47f0-21b562c53610"><span style="font-family: arial; font-size: 18px;"> </span> <p dir="ltr" style="line-height: 1.2; margin-top: 0pt; margin-bottom: 0pt;"><span style="vertical-align: baseline; white-space: pre-wrap; font-family: arial; font-size: 18px;">To create policies, aligned objectives, reports, evaluations to support the initiative of Transform Rockford</span></p> <div><span style="font-size: 17.3333px; vertical-align: baseline; white-space: pre-wrap;"><span style="font-family: arial; font-size: 18px;"><br /> Deliverable <span id="docs-internal-guid-86c35793-6fc9-213c-ee5c-72722e446a5c" style="vertical-align: baseline; white-space: pre-wrap; font-size: 18px;">Policies, Aligned Objectives, Reports, Evaluations, Course Corrections</span><br /> </span><span style="font-weight: 700; font-family: calibri; color: #666666;"> </span></span></div> </span>	Strategies	Support Teams	80
Dashboard	<span id="docs-internal-guid-f28a059a-116e-f3da-4d25-02a4e23e3191"><span style="font-family: arial; font-size: 18px;"> </span> <p dir="ltr" style="line-height: 1.2; margin-top: 0pt; margin-bottom: 0pt;"><span style="vertical-align: baseline; white-space: pre-wrap; font-family: arial; font-size: 18px;">To create a Community Dashboard which provides </span></p> <ul style="margin-top: 0pt; margin-bottom: 0pt;">     <li dir="ltr" style="list-style-type: disc; font-size: 17.3333px; vertical-align: baseline; margin-left: -15px;">     <p dir="ltr" style="line-height: 1.2; margin-top: 0pt; margin-bottom: 0pt;"><span style="vertical-align: baseline; white-space: pre-wrap; font-family: arial; font-size: 18px;">Objective understanding of community&rsquo;s condition, progress, trends</span></p>     </li>     <li dir="ltr" style="list-style-type: disc; font-size: 17.3333px; vertical-align: baseline; margin-left: -15px;">     <p dir="ltr" style="line-height: 1.2; margin-top: 0pt; margin-bottom: 0pt;"><span style="vertical-align: baseline; white-space: pre-wrap; font-family: arial; font-size: 18px;">Informed course corrections</span></p>     </li>     <li dir="ltr" style="list-style-type: disc; font-size: 17.3333px; vertical-align: baseline; margin-left: -15px;"><span style="vertical-align: baseline; white-space: pre-wrap; font-family: arial; font-size: 18px;">Community/national transformation awareness</span></li> </ul> <div><span style="font-size: 17.3333px; white-space: pre-wrap;"><span style="font-family: arial; font-size: 18px;"> Deliverable <span id="docs-internal-guid-86c35793-6fce-b46d-1cd7-07e48a98874d" style="vertical-align: baseline; white-space: pre-wrap; font-size: 18px;">Identifications of recognized benchmarks, valuable communication, community course corrections</span><br /> </span><strong style="font-family: calibri;"> </strong></span></div> </span>	Strategies	Support Teams	77
T-Map	<span style="font-size: 18px;"><span id="docs-internal-guid-f28a059b-1170-132b-c389-0c58d82497fc" style="vertical-align: baseline; white-space: pre-wrap; font-family: calibri; font-size: 18px;">To communicate community plans and align stakeholders in transformation</span><br /> <br /> By the 4th quarter 2016 Transform Rockford will have an established transformation map (T-Map)</span>	Strategies	Support Teams	80
Project Inventory	<span id="docs-internal-guid-f28a059c-1171-2caa-4392-949adf177260"> <p dir="ltr" style="line-height: 1.2; margin-top: 0pt; margin-bottom: 0pt;"><span style="font-size: 17.3333px; vertical-align: baseline; white-space: pre-wrap; font-family: calibri;">Identify, prioritize, and communicate cornerstone projects to build capacity and expectations of transformation prior to completed T-Map.</span></p> <div><span style="font-size: 17.3333px; vertical-align: baseline; white-space: pre-wrap; font-family: calibri; color: #ffffff;"><br /> <span style="font-weight: 700;"> </span></span></div> </span>	Strategies	Support Teams	78
Project Launches	<span id="docs-internal-guid-f28a059d-1171-fcd4-73d9-bff047ceb334" style="font-size: 17.3333px; vertical-align: baseline; white-space: pre-wrap; font-family: calibri;">Implement foundational and/or high-impact projects.</span>	Strategies	Support Teams	78
Network Map	<span style="line-height: 28.8px; white-space: pre-wrap; font-family: calibri, carlito, sans-serif; font-size: 24px; background-color: #ffffff;"><span style="line-height: 28.8px; white-space: pre-wrap; font-family: calibri, carlito, sans-serif; font-size: 24px; background-color: #ffffff;">To optimize engagement, communication and alignment of Network Map</span><br /> </span>	Strategies	Support Teams	77
Stakeholder Alignment	<span id="docs-internal-guid-f28a059f-1173-49fb-fce6-f5f0191bab36"> <p dir="ltr" style="line-height: 1.2; margin-top: 0pt; margin-bottom: 0pt;"><span style="font-size: 17.3333px; vertical-align: baseline; white-space: pre-wrap; font-family: calibri;">To align stakeholders to increase pace and efficiency of transformation around the community's vision and values</span></p> <div><span style="font-size: 17.3333px; vertical-align: baseline; white-space: pre-wrap; font-family: calibri; color: #ffffff;"><br /> <span style="font-weight: 700;"> </span></span></div> </span>	Strategies	Support Teams	81
Enhanced Rockford Brand	<span id="docs-internal-guid-f28a05a0-1174-215f-e8b4-78b0e41d9cf6"><span style="font-family: arial; font-size: 18px;"> </span> <p dir="ltr" style="line-height: 1.2; margin-top: 0pt; margin-bottom: 0pt;"><span style="vertical-align: baseline; white-space: pre-wrap; font-family: arial; font-size: 18px;">To Improve the understanding of the region&rsquo;s opportunities and transformation</span></p> <div><span style="font-size: 17.3333px; vertical-align: baseline; white-space: pre-wrap; color: #ffffff;"><span style="font-family: arial; font-size: 18px;"><br /> </span><span style="font-weight: 700; font-family: calibri;"> </span></span></div> </span>	Strategies	Support Teams	81
Support, Leadership	<span id="docs-internal-guid-f28a05b6-1174-df1d-abed-67c819b48341" style="font-size: 17.3333px; vertical-align: baseline; white-space: pre-wrap; font-family: arial;">Deliverable <span id="docs-internal-guid-86c35793-6fc7-6aaf-b8a6-78c088e7c9b4" style="vertical-align: baseline; white-space: pre-wrap; font-family: calibri; font-size: 18px;">Satisfaction of all teams with the support and leadership provided by the initiative and networks</span><span style="font-weight: 700;"><br /> <span style="font-family: arial; font-size: 17.3333px; white-space: pre-wrap;">To create an environment where teams can facilitate transformation</span><br /> </span></span>	Strategies	Support Teams	80
Communications - Inclusive Sharing of Information	<span style="font-size: 14px; line-height: 17px; font-family: helvetica, arial, sans-serif; color: #333333; background-color: #ffffff;" id="docs-internal-guid-e1e2077f-97d0-8327-30f0-69638368c9c2"> <h3 dir="ltr" style="line-height: 1.2; margin-top: 0pt; margin-bottom: 6pt;"><span style="font-family: calibri; font-size: 13.3333px; white-space: pre-wrap; line-height: 17px;">Our community creates and supports a network of resources that will obtain, produce and share information.</span></h3> </span>	Reframing a 21st Century Community	Spoke Teams	80
Communications - Sharing the Stories	<span style="font-size: 14px; line-height: 17px; font-family: helvetica, arial, sans-serif; color: #333333; background-color: #ffffff;" id="docs-internal-guid-e1e2077f-97d2-5a5b-3fff-4987a102b232"> <h3 dir="ltr" style="line-height: 1.2; margin-top: 0pt; margin-bottom: 6pt;"><span style="font-family: calibri; font-size: 13.3333px; white-space: pre-wrap; line-height: 17px;">Our community effectively tells the inspiring and compelling story of a transforming region to external markets.</span></h3> </span>	Reframing a 21st Century Community	Spoke Teams	80
Living the Brand - Living the Values	<span style="font-size: 14px; line-height: 17px; font-family: helvetica, arial, sans-serif; color: #333333; background-color: #ffffff;" id="docs-internal-guid-e1e2077f-97d3-ab57-9ef2-b604f28a3e9d"> <h3 dir="ltr" style="line-height: 1.2; margin-top: 0pt; margin-bottom: 6pt;"><span style="font-family: calibri; font-size: 13.3333px; white-space: pre-wrap; line-height: 17px;">Our community commits to living our Shared Values.</span></h3> </span>	Reframing a 21st Century Community	Spoke Teams	80
Living the Brand - Live the Brand Now	<span style="font-size: 14px; line-height: 17px; font-family: helvetica, arial, sans-serif; color: #333333; background-color: #ffffff;" id="docs-internal-guid-e1e2077f-97d4-7227-3124-ca36d688f759"> <h3 dir="ltr" style="line-height: 1.2; margin-top: 0pt; margin-bottom: 6pt;"><span style="white-space: pre-wrap; line-height: 17px; font-family: calibri; font-size: 13px;" id="docs-internal-guid-e1e2077f-97d6-f4bb-7d8a-e2a314104866"> <h3 dir="ltr" style="line-height: 1.2; margin-top: 0pt; margin-bottom: 6pt;"><span style="font-family: calibri; font-size: 13.3333px; line-height: 17px;">Our community shares responsibility for looking, acting, and communicating like the region we want to be.</span></h3> </span></h3> </span>	Reframing a 21st Century Community	Spoke Teams	80
Living the Brand - We Promote	<span style="font-size: 14px; line-height: 17px; font-family: helvetica, arial, sans-serif; color: #333333; background-color: #ffffff;" id="docs-internal-guid-e1e2077f-97d5-3bab-0407-890124610704"> <h3 dir="ltr" style="line-height: 1.2; margin-top: 0pt; margin-bottom: 6pt;"><span style="font-family: calibri; font-size: 13.3333px; white-space: pre-wrap; line-height: 17px;">Our community embraces and consistently promotes ALL the opportunities provided by the region&rsquo;s amenities and attributes</span></h3> </span>	Reframing a 21st Century Community	Spoke Teams	80
Quality - Strategy 1	<p style="box-sizing: border-box; margin: 0px 0px 8.5px; color: #333333; font-family: helvetica, arial, sans-serif; font-size: 14px; line-height: 17px; background-color: #ffffff;">Our community will deliver superior quality by instilling local, national and international standards</p>	Revitalization	Spoke Teams	80
Quality - Strategy 2	<p style="box-sizing: border-box; margin: 0px 0px 8.5px; color: #333333; font-family: helvetica, arial, sans-serif; font-size: 14px; line-height: 17px; background-color: #ffffff;">Our community will deliver superior quality by creating a standard where one does not exist</p>	Revitalization	Spoke Teams	80
Economy and Jobs - Strtagey #1	<p style="box-sizing: border-box; margin: 0px 0px 8.5px; font-family: helvetica, arial, sans-serif; font-size: 14px; line-height: 17px; background-color: #ffffff;"><span style="font-family: 'open sans', sans-serif; font-size: 16px; line-height: 27px; background-color: #ffffff;">UNIFIED WORKFORCE DEVELOPMENT NETWORK:<br /> A partnership of employers and trainers consolidates and coordinates a framework for training through a unified regional workforce network</span></p>	Revitalization	Spoke Teams	80
Economy and Jobs - Strategy #2	<span style="font-family: 'open sans', sans-serif; font-size: 16px; line-height: 27px; background-color: #ffffff;">INNOVATION ECOSYSTEM:<br /> Public and private collaboration foster a world-class business development ecosystem to launch innovation and entrepreneurship.</span>	Revitalization	Spoke Teams	80
Economy and Jobs - Strategy #3	<p style="box-sizing: border-box; margin: 0px 0px 8.5px; color: #333333; font-family: helvetica, arial, sans-serif; font-size: 14px; line-height: 17px; background-color: #ffffff;"><span style="color: #777777; font-family: 'open sans', sans-serif; font-size: 16px; line-height: 27px; background-color: #ffffff;">NATIONALLY RECOGNIZED LEADERSHIP INDUSTRY CLUSTERS:<br /> Dominant industry clusters command national recognition: they leverage adjacent urban center assets and develop high performing supply chains locally.</span></p>	Revitalization	Spoke Teams	80
Economy and Jobs - Strategy #4	<p style="box-sizing: border-box; margin: 0px 0px 8.5px; color: #333333; font-family: helvetica, arial, sans-serif; font-size: 14px; line-height: 17px; background-color: #ffffff;"><span style="line-height: 27px; font-family: 'open sans', sans-serif; font-size: 16px; color: #777777; background-color: #ffffff;">STIMULATING INCOME &amp; JOB GROWTH:<br /> Private businesses, with the support of public entities stimulate job growth using career ladders..</span><br /> <br /> </p>	Revitalization	Spoke Teams	80
Economy and Jobs - Strategy #4	<p style="box-sizing: border-box; margin: 0px 0px 8.5px; color: #333333; font-family: helvetica, arial, sans-serif; font-size: 14px; line-height: 17px; background-color: #ffffff;"></p> <div id="radePasteHelper" style="position: absolute; border: 0px solid red; top: 0px; overflow: hidden;"><span style="color: #777777; font-family: 'open sans', sans-serif; font-size: 16px; line-height: 27px; background-color: #ffffff;">ATTRACTING BUSINESSES REGIONALLY:<br /> Economic development partners collaborate regionally for business retention, expansion and attraction.</span><br /> </div>	Revitalization	Spoke Teams	80
Communications	<span style="line-height: 27px; font-family: 'open sans'; font-size: 16px; color: #777777; background-color: #ffffff;">From our backyards to the world stage we facilitate and implement best practices in compelling and genuine communication for and among all residents, resulting in shared community pride and a positive image and reputation for the region.</span>	Reframing a 21st Century Community	Spoke Teams	80
Funding and Alignment - Strategy #1	<span style="line-height: 27px; font-family: 'open sans', sans-serif; font-size: 16px; color: #777777; background-color: #ffffff;">Establish a common agenda - Information and resources are shared through open and frequent communication in a state of optimum effectiveness, collaboration, and funding.</span>	Funding our Future	Spoke Teams	74
Funding and Alignment - Strategy #2	<span style="line-height: 27px; font-family: 'open sans', sans-serif; font-size: 16px; color: #777777; background-color: #ffffff;">Set metrics - The Rockford Region, working collaboratively and cooperatively, ensures effective and efficient delivery of services.</span>	Funding our Future	Spoke Teams	74
Funding and Alignment - Strategy #3	<span style="line-height: 27px; font-family: 'open sans', sans-serif; font-size: 16px; color: #777777; background-color: #ffffff;">Create accountability - The Rockford region works together for the common good to achieve the community vision and maintains accountability and alignment through financial and public pressure for compliance.</span>	Funding our Future	Spoke Teams	74
Planning - Strategy #1	<span style="line-height: 27px; font-family: 'open sans', sans-serif; font-size: 16px; color: #777777; background-color: #ffffff;">Establish trust in community planning by elevating participation to a partnership level, where representatives of governing organizations and people from all segments of the community jointly plan, design, share work, responsibilities, accountabilities and decision-making.</span>	Funding our Future	Spoke Teams	74
Planning - Strategy #2	<span style="line-height: 27px; font-family: 'open sans', sans-serif; font-size: 16px; color: #777777; background-color: #ffffff;">Achieve full participation in governmental elections, where all members of the community vote and elect leaders that support the community&rsquo;s strategies and plans.</span>	Funding our Future	Spoke Teams	80
Planning - Strategy #3	<span style="color: #777777; font-family: 'open sans', sans-serif; font-size: 16px; line-height: 27px; background-color: #ffffff;">Reach every member of the community to gain participation in planning processes in their individual areas of interest, provide information on plan developments, and build commitments to achieve results.</span>	Funding our Future	Spoke Teams	80
Planning - Strategy #4	<span style="color: #777777; font-family: 'open sans', sans-serif; font-size: 16px; line-height: 27px; background-color: #ffffff;">Establish and embed proven implementation practices in our community plans that excite the community and enable the achievement of plan objectives within established timeframes.</span><br />	Funding our Future	Spoke Teams	80
Infrastructure - Strategy #1	<span style="line-height: 27px; font-family: 'open sans', sans-serif; font-size: 16px; color: #777777; background-color: #ffffff;">Interstate Loop:The region can benefit from a more balanced land use distribution model, but key infrastructure such as an interstate loop are necessary. Regional leaders and key stakeholders will work diligently through RMAP to secure funding for this critical infrastructure. Jobs and economic development in the western half of the region can directly benefit from this additional roadway capacity and travel option. Moreover, industry clusters in freight and logistics can directly benefit from connections to the growing hub at RFD and the economic recovery zones that surround it..</span>	Revitalization	Spoke Teams	80
Infrastructure - Strategy #2	<span style="color: #777777; font-family: 'open sans', sans-serif; font-size: 16px; line-height: 27px; background-color: #ffffff;">The region can benefit from modernization and upgrades to the privately-owned rail network that not only create opportunities for growth, jobs and a better quality of life, but complement the existing momentum of renewal that is centered on transit-oriented-development in the urban core. This vision supports removal and cleaning of blighted brownfield areas with a new mix of retail, housing and office uses. The vision also supports the creation of passenger rail connections to Chicagoland, both inter-city and commuter, that complement rather than compete with freight interests. Regional leaders will have to work through RMAP to advance these efforts.</span><br />	Revitalization	Spoke Teams	80
Infrastructure - Strategy #3	<span style="line-height: 27px; font-family: 'open sans', sans-serif; font-size: 16px; color: #777777; background-color: #ffffff;">Public transit, sidewalks and paths for the region will become a true transportation option for all citizens, serving workplace, medical, shopping, fitness and entertainment trips at a high level. Regional leaders and key stakeholders will work diligently through RMAP and RMTD to secure funding for increased transit operations and infrastructure. The existing &ldquo;fixed-route&rdquo; bus network will transition to primarily a door-to-door operation using new technology and partnerships.</span>	Revitalization	Spoke Teams	80
Infrastructure - Strategy #4	<span style="line-height: 27px; font-family: 'open sans', sans-serif; font-size: 16px; color: #777777; background-color: #ffffff;">Provide an economically sustainable WiFi expandable infrastructure in the tri-city area by 2025 that caters to the needs of citizens and visitors.</span>	Revitalization	Spoke Teams	80
Infrastructure - Strategy #5	<span style="color: #777777; font-family: 'open sans', sans-serif; font-size: 16px; line-height: 27px; background-color: #ffffff;">Secure private/public (f)ISP to provide a fiber to the home/business network in the tri-city area with speeds of at least 10g or better by 2025.</span><br />	Revitalization	Spoke Teams	80
Education - All Are Ready	<span style="line-height: 27px; font-family: &quot;open sans&quot;, sans-serif; font-size: 16px; color: #777777; background-color: #ffffff;" id="docs-internal-guid-e1e2077f-982d-eb92-9a94-c5d3774c5f7d"> <h3 dir="ltr" style="line-height: 1.2; margin-top: 0pt; margin-bottom: 6pt;"><span style="font-family: calibri; font-size: 13.3333px; white-space: pre-wrap; line-height: 27px;">Students, educators, and families are ready to fulfill their responsibilities. </span></h3> </span>	Renewal	Spoke Teams	80
Education - Partnering for Success	<span style="line-height: 27px; font-family: &quot;open sans&quot;, sans-serif; font-size: 16px; color: #777777; background-color: #ffffff;" id="docs-internal-guid-e1e2077f-982e-bb9e-e4e6-8d25e5b82b7e"> <h3 dir="ltr" style="line-height: 1.2; margin-top: 0pt; margin-bottom: 6pt;"><span style="font-family: calibri; font-size: 13.3333px; white-space: pre-wrap; line-height: 27px;">Our business and civic organizations engage in partnerships with our schools for the success of all.</span></h3> </span>	Renewal	Spoke Teams	80
Education - Supporting Students and Families	<span id="docs-internal-guid-e1e2077f-982f-645a-9d09-c136c2177214"> <h3 dir="ltr" style="line-height: 1.2; margin-top: 0pt; margin-bottom: 6pt;"><span style="font-family: calibri; font-size: 13.3333px; white-space: pre-wrap;">Our community overcomes barriers to learning by aligning support for the benefit of every student.</span></h3> </span>	Renewal	Spoke Teams	80
Healthy Lifestyles - Eat for Health	We are a community where healthy food choices are accessible to all and the easy choice.	Renewal	Spoke Teams	80
Healthy Lifestyles - Move More	<span style="line-height: 27px; font-family: &quot;open sans&quot;, sans-serif; font-size: 16px; color: #777777; background-color: #ffffff;">We are a community of active living where all have access to recreational opportunities.<br /> </span>	Renewal	Spoke Teams	80
Healthy Lifestyles - Love & Be Loved	We have healthy social and emotional development for everyone at all stages of life.	Renewal	Spoke Teams	80
Healthy Lifestyles - Know It & Own It	Our residents are resilient and thrive through the use of positive coping skills.	Renewal	Spoke Teams	80
Leadership and Youth - Leading with Vision & Purpose	<span style="line-height: 27px; font-family: &quot;open sans&quot;, sans-serif; font-size: 16px; color: #777777; background-color: #ffffff;" id="docs-internal-guid-5a5ee884-9837-ad07-569e-cbdb13de7d85"> <h3 dir="ltr" style="line-height: 1.2; margin-top: 0pt; margin-bottom: 6pt;"><span style="font-family: calibri; font-size: 13.3333px; white-space: pre-wrap; line-height: 27px;">Our community&rsquo;s leaders align with the community's vision and values.</span></h3> </span>	Renewal	Spoke Teams	80
Leadership and Youth - Leaders Creating Leaders	<span style="line-height: 27px; font-family: &quot;open sans&quot;, sans-serif; font-size: 16px; color: #777777; background-color: #ffffff;" id="docs-internal-guid-5a5ee884-9838-d6f4-734d-de4ea8f6c6d5"> <h3 dir="ltr" style="line-height: 1.2; margin-top: 0pt; margin-bottom: 6pt;"><span style="font-family: calibri; font-size: 13.3333px; white-space: pre-wrap; line-height: 27px;">Leaders&nbsp;intentionally develop themselves and the next generation&nbsp;of diverse&nbsp;leaders</span></h3> </span>	Renewal	Spoke Teams	80
Leadership and Youth - Engaging Our Youth	<span style="line-height: 27px; font-family: &quot;open sans&quot;, sans-serif; font-size: 16px; color: #777777; background-color: #ffffff;" id="docs-internal-guid-5a5ee884-9839-6f39-8d99-2a19b982e844"> <p dir="ltr" style="line-height: 1.38; margin-top: 4pt; margin-bottom: 4pt;"><span style="font-family: calibri; font-size: 13.3333px; line-height: 27px; white-space: pre-wrap;">All youth are engaged in opportunities to discover and grow the leader within</span></p> </span>	Renewal	Spoke Teams	80
Leadership and Youth - Strategy #4	<span style="font-family: 'open sans', sans-serif; color: #777777; line-height: 27px; background-color: #ffffff;">Everyone&nbsp;Achieves: Our leaders will align to end Generational Poverty.</span><br />	Renewal	Spoke Teams	80
Leadership and Youth - Strategy #5	<span style="color: #777777; font-family: 'open sans', sans-serif; font-size: 16px; line-height: 27px; background-color: #ffffff;">Leading with Vision &amp; Purpose: Our community leaders will align with a sense of purpose.</span><br />	Renewal	Spoke Teams	80
Arts and Recreation - Strategy #1	<span style="color: #777777; font-family: 'open sans', sans-serif; font-size: 16px; line-height: 27px; background-color: #ffffff;">Cultural Plan:The power of arts and culture to reshape lives, neighborhoods, and communities will be a driving force for social change as organizations and individuals create and align around a Cultural Plan.</span><br />	Sense of Place	Spoke Teams	80
Arts and Recreation - Strategy #2	<span style="color: #777777; font-family: 'open sans', sans-serif; font-size: 16px; line-height: 27px; background-color: #ffffff;">Access: Residents of all ages and abilities will be exposed to, participate in, and have the opportunity to master their own chosen form of art or recreation..</span><br />	Sense of Place	Spoke Teams	80
Arts and Recreation - Strategy #3	<span style="color: #777777; font-family: 'open sans', sans-serif; font-size: 16px; line-height: 27px; background-color: #ffffff;">Diversity: Arts and recreation opportunities will be as diverse as our region itself; All residents of the Rock River Valley will &ldquo;see themselves&rdquo; in the forms of arts and recreation activities offered in our community..</span><br />	Sense of Place	Spoke Teams	80
Arts and Recreation - Strategy #4	<span style="color: #777777; font-family: 'open sans', sans-serif; font-size: 16px; line-height: 27px; background-color: #ffffff;">Physical Assets:Our region&rsquo;s arts and recreation venues, physical assets, and natural resources amenities will be safe, modern, and utilized by both residents and tourists.</span><br />	Sense of Place	Spoke Teams	80
Arts and Recreation - Strategy #5	<span style="color: #777777; font-family: 'open sans', sans-serif; font-size: 16px; line-height: 27px; background-color: #ffffff;">Marketing: An integrated marketing plan will publicize and promote the Rock River Valley&rsquo;s arts, recreation, and cultural events, opportunities, and assets to local, state, national, and global audiences.</span><br />	Sense of Place	Spoke Teams	80
Families and Neighborhoods - Strategy #1	<span style="color: #777777; font-family: 'open sans', sans-serif; font-size: 16px; line-height: 27px; background-color: #ffffff;">Infrastructure: The condition of all physical structures results in occupied, purposeful space that is beneficial to our community.</span><br />	Sense of Place	Spoke Teams	80
Families and Neighborhoods - Strategy #2	<span style="line-height: 27px; font-family: 'open sans', sans-serif; font-size: 16px; color: #777777; background-color: #ffffff;">Resources: Neighborhoods will have access to resources and amenities that promote positive community environment.</span>	Sense of Place	Spoke Teams	80
Families and Neighborhoods - Strategy #3	<span style="color: #777777; font-family: 'open sans', sans-serif; font-size: 16px; line-height: 27px; background-color: #ffffff;">Equality: Ensure that our communities honors and embraces diversity and the success of all people at all levels.</span><br />	Sense of Place	Spoke Teams	80
Families and Neighborhoods - Strategy #4	<span style="line-height: 27px; font-family: 'open sans', sans-serif; font-size: 16px; color: #777777; background-color: #ffffff;">Uniqueness: Promote the vitality, community standards, and unique character of each of our neighborhoods.</span>	Sense of Place	Spoke Teams	80
Families and Neighborhoods - Strategy #5	<span style="line-height: 27px; font-family: 'open sans', sans-serif; font-size: 16px; color: #777777; background-color: #ffffff;">Collaboration: Cultivate and foster collaborative partnerships that utilize the strengths of our residents and organizations to become a Top 25 community.</span>	Sense of Place	Spoke Teams	80
Unity, Pride, Culture - Strategy #1	<span style="line-height: 27px; font-family: 'open sans', sans-serif; font-size: 16px; color: #777777; background-color: #ffffff;">We have a shared community story.</span>	Sense of Place	Spoke Teams	80
Unity, Pride, Culture - Strategy #2	<span style="color: #777777; font-family: 'open sans', sans-serif; font-size: 16px; line-height: 27px; background-color: #ffffff;">We will deepen relationships by building bridges across the barriers that divide us.</span><br />	Sense of Place	Spoke Teams	80
Unity, Pride, Culture - Strategy #3	<span style="color: #777777; font-family: 'open sans', sans-serif; font-size: 16px; line-height: 27px; background-color: #ffffff;">Equality: Ensure that our communities honors and embraces diversity and the success of all people at all levels.</span><br />	Sense of Place	Spoke Teams	80
Unity, Pride, Culture - Strategy #4	<span style="color: #777777; font-family: 'open sans', sans-serif; font-size: 16px; line-height: 27px; background-color: #ffffff;">Uniqueness: Promote the vitality, community standards, and unique character of each of our neighborhoods.</span><br />	Sense of Place	Spoke Teams	80
Unity, Pride, Culture - Strategy #5	<span style="color: #777777; font-family: 'open sans', sans-serif; font-size: 16px; line-height: 27px; background-color: #ffffff;">Collaboration: Cultivate and foster collaborative partnerships that utilize the strengths of our residents and organizations to become a Top 25 community.</span><br />	Sense of Place	Spoke Teams	80
Transformation Map		Internal Processes	Support Teams	80
Community Engagement		Internal Processes	Support Teams	80
Regional Communication		Internal Processes	Support Teams	80
Use and knowledge of community networks enables better alignment 	<span id="docs-internal-guid-f25e8293-0969-4ffb-a589-a053fcd58fa9" style="font-size: 14.6667px; font-weight: 700; vertical-align: baseline; white-space: pre-wrap; font-family: calibri;"><span style="font-family: arial, sans, sans-serif; font-size: 13px; line-height: 13px; white-space: pre-wrap; background-color: #ffffff;">Network Map Vision</span>: Through the use and knowledge of community networks better alignment toward community objectives will occur</span>	Outcomes	Community Capability	80
Capacity to gather, share and use data, information and knowledge	<span id="docs-internal-guid-f25e8293-096e-3202-9072-6d9689dac283" style="font-weight: 700; vertical-align: baseline; white-space: pre-wrap; font-family: calibri; font-size: 13px;"><span style="font-weight: bold; font-family: arial, sans, sans-serif; font-size: 13px;" data-sheets-value="{&quot;1&quot;:2,&quot;2&quot;:&quot;The goal is to develop enabling capabilities to achieve discovery of network relationships and support effective community engagement therby bring capacity to the community to gather, share and use data, information and knowlwedge&quot;}" data-sheets-userformat="{&quot;2&quot;:17281,&quot;3&quot;:{&quot;1&quot;:0},&quot;10&quot;:0,&quot;11&quot;:4,&quot;12&quot;:0,&quot;17&quot;:1}"></span><span style="font-weight: bold; font-family: arial, sans, sans-serif; font-size: 13px;" data-sheets-value="{&quot;1&quot;:2,&quot;2&quot;:&quot;The goal is to  bring capacity to the community to gather, share and use data, information and knowledge&quot;}" data-sheets-userformat="{&quot;2&quot;:17153,&quot;3&quot;:{&quot;1&quot;:0},&quot;11&quot;:4,&quot;12&quot;:0,&quot;17&quot;:1}"></span><span style="line-height: 13px; white-space: pre-wrap; font-family: arial, sans, sans-serif; font-size: 13px; background-color: #ffffff;">The strategy objective is to  bring capacity to the community to gather, share and use data, information and knowledge</span><br /> </span>	Outcomes	Community Capability	80
Capability to achieve discovery of network relationships	<span style="font-weight: bold; font-family: arial, sans, sans-serif; font-size: 13px;" data-sheets-value="{&quot;1&quot;:2,&quot;2&quot;:&quot;The goal is to develop enabling capabilities to achieve discovery of network relationships and support effective community engagement &quot;}" data-sheets-userformat="{&quot;2&quot;:17281,&quot;3&quot;:{&quot;1&quot;:0},&quot;10&quot;:0,&quot;11&quot;:4,&quot;12&quot;:0,&quot;17&quot;:1}">The strategy objective is to develop enabling capabilities to achieve discovery of network relationships and support effective community engagement&nbsp;</span>	Outcomes	Community Capability	80
OLD Optimize engagement, communications and alignment of community networks	<span id="docs-internal-guid-f25e8293-0979-190d-a0c7-db80f78c5af0"> <p dir="ltr" style="line-height: 1.2; margin-top: 0pt; margin-bottom: 0pt;"><span style="font-size: 12px; font-weight: 700; vertical-align: baseline; white-space: pre-wrap; font-family: calibri;">Optimize engagement, communications and alignment of community networks</span></p> <div><span style="font-size: 12px; font-weight: 700; vertical-align: baseline; white-space: pre-wrap; font-family: calibri;"><br /> </span></div> </span>	Internal Processes	No Prefix	80
Understand how community thinks and engage with each other to better advocate ideas	<span id="docs-internal-guid-f25e8293-0979-ef1e-c64b-d446a9dbc2e2"> <p dir="ltr" style="line-height: 1.2; margin-top: 0pt; margin-bottom: 0pt;"><span style="font-size: 12px; font-family: calibri; font-weight: 700; vertical-align: baseline; white-space: pre-wrap;">Understand how community thinks and engage with each other to better advocate ideas</span></p> <div><span style="font-size: 12px; font-family: calibri; font-weight: 700; vertical-align: baseline; white-space: pre-wrap;"><br /> </span></div> </span>	Learning & Growth	Support Teams	80
Facilitate and support effective community engagement	<span id="docs-internal-guid-f25e8293-097b-0aaa-89f7-1a838fc8626b"> <p dir="ltr" style="line-height: 1.2; margin-top: 0pt; margin-bottom: 0pt;"><span style="font-size: 12px; font-family: calibri; font-weight: 700; vertical-align: baseline; white-space: pre-wrap;">Facilitate and support effective community engagement</span></p> <div><span style="font-size: 12px; font-family: calibri; font-weight: 700; vertical-align: baseline; white-space: pre-wrap;"><br /> </span></div> </span>	Internal Processes	Support Teams	80
OLD Tools to Curate, Organize and Discover Social Network Graph Relationships	<span id="docs-internal-guid-f25e8293-097c-1dc9-413e-a84b47e466c9"> <p dir="ltr" style="line-height: 1.08; margin-top: 0pt; margin-bottom: 0pt;"><span style="font-weight: 700; vertical-align: baseline; white-space: pre-wrap; font-family: calibri; font-size: 13px;">Tools to Curate Organize and Discover Social Network Graph Relationships</span></p> <div><span style="font-weight: 700; vertical-align: baseline; white-space: pre-wrap; font-family: calibri; font-size: 13px;"><br /> </span></div> </span>	Strategies	No Prefix	80
Processes used for Stakeholder Engagement, Targeted Communications, Alignment	<span id="docs-internal-guid-f25e8293-097d-1fcf-fef1-634747a7b142"> <p dir="ltr" style="line-height: 1.2; margin-top: 0pt; margin-bottom: 0pt;"><span style="font-weight: 700; vertical-align: baseline; white-space: pre-wrap; font-family: calibri; font-size: 13px;">Plan &amp; Support Process for Network Map &nbsp;Social Graphs <span style="font-size: 100%; font-family: calibri; font-weight: bold; color: #434343;" data-sheets-value="{&quot;1&quot;:2,&quot;2&quot;:&quot;Processes used for Stakeholder Engagement, Targeted Communications, Alignment&quot;}" data-sheets-userformat="{&quot;2&quot;:31617,&quot;3&quot;:{&quot;1&quot;:0},&quot;10&quot;:0,&quot;11&quot;:4,&quot;12&quot;:0,&quot;14&quot;:{&quot;1&quot;:2,&quot;2&quot;:4408131},&quot;15&quot;:&quot;Calibri&quot;,&quot;16&quot;:10,&quot;17&quot;:1}">Processes for Stakeholder Engagement, Targeted Communications, Alignment</span><br /> </span></p> <div><span style="font-weight: 700; vertical-align: baseline; white-space: pre-wrap; font-family: calibri; font-size: 13px;"><br /> </span></div> </span>	Internal Processes	Support Teams	80
Optimize engagement, communications and alignment of community networks	<p style="margin: 0pt 0in; text-indent: 0in; text-align: center; direction: ltr; unicode-bidi: embed;"> </p> <div style="text-align: center;"><span style="font-size: 18px;"><span style="text-indent: 0in; text-align: left; font-family: arial; font-size: 18px;">Optimize</span><span style="text-indent: 0in; font-family: arial; font-size: 18px;">&nbsp;Network Engagement:</span></span></div> <span style="font-family: arial;"><span style="font-size: 18px;"><br /> <span style="line-height: 13px; white-space: pre-wrap; font-size: 13px; background-color: #ffffff;">The strategy objective is to optimize engagement, communication and alignment of Community Network allowing us to understand how the community thinks and engage with each other to better advocate our ideas.</span><br /> </span><br /> </span>	Strategies	Community Capability	80
Understand how community network thinks and engage with each other to better advocate ideas	<p style="margin: 0pt 0in;"><span style="font-family: calibri; font-size: 18px;"><span style="font-size: 110%; font-family: arial, sans, sans-serif; color: #595959;" data-sheets-value="{&quot;1&quot;:2,&quot;2&quot;:&quot;Understand Community Engagement&quot;}" data-sheets-userformat="{&quot;2&quot;:11137,&quot;3&quot;:{&quot;1&quot;:0},&quot;10&quot;:0,&quot;11&quot;:4,&quot;12&quot;:0,&quot;14&quot;:{&quot;1&quot;:2,&quot;2&quot;:5855577},&quot;16&quot;:11}">Understand Community Engagement:</span><br /> <br /> <span style="line-height: 13px; white-space: pre-wrap; font-family: arial, sans, sans-serif; font-size: 13px; background-color: #ffffff;">The strategy objective is to understand how the community network thinks and engage with each other to better advocate our ideas.</span><br /> </span></p>	Strategies	Community Capability	80
Facilitate and support network map use for effective community network  engagement	<span style="font-size: 18px;">Network Map Support:<br /> </span> <div><br /> <span style="line-height: 13px; white-space: pre-wrap; font-family: arial, sans, sans-serif; font-size: 13px; background-color: #ffffff;">The strategy objective is to facilitate effective community engagement and support of network map resources, education and use</span><br /> <br /> </div>	Strategies	Community Capability	80
Tools to Curate Organize and Discover Social Network Graph Relationships	<span style="font-size: 18px;"><span style="font-size: 18px;">Network Map Tools:</span><br /> <br /> <span data-sheets-value="{&quot;1&quot;:2,&quot;2&quot;:&quot;The strategy objective is to develop and devliver software tools that enable community members to currate, organize and discover relationships from social graph data&quot;}" data-sheets-userformat="{&quot;2&quot;:513,&quot;3&quot;:{&quot;1&quot;:0},&quot;12&quot;:0}" style="font-size: 13px;">The strategy objective is to develop and&nbsp;deliver&nbsp;software tools that enable community members to currate, organize and discover relationships from social graph data</span><br /> <br /> </span> <div><br /> </div>	Strategies	Community Capability	80
Processes used for Stakeholder Engagement, Targeted Communications, Network Alignment	<span style="font-size: 18px;">Network Map Processes:<br /> <br /> <span style="font-family: arial, sans, sans-serif; font-size: 13px; line-height: 13px; white-space: pre-wrap; background-color: #ffffff;">The strategy objective is to establish consistent and measurable processes to guide network map activities in a way that maximizes efficiency and results</span><br /> <br /> </span> <div><br /> <br /> </div>	Strategies	Community Capability	80
Gather & Organize  Data from many sources for community benefit	Gathering Data:<br /> <br /> Gather &amp; Organize Data from many sources for community benefit	Resources	Community Capability	74
Summarize & Analyse Information to Share with  each other	<span id="docs-internal-guid-de351c66-11fd-9491-812a-e294de4f0e4b"> <p dir="ltr" style="line-height: 1.2; margin-top: 0pt; margin-bottom: 0pt; text-align: center;"><span style="font-size: 12px; vertical-align: baseline; white-space: pre-wrap; font-family: calibri;"></span></p> <p dir="ltr" style="line-height: 1.2; margin-top: 0pt; margin-bottom: 0pt; text-align: center;"><span style="font-size: 12px; vertical-align: baseline; white-space: pre-wrap; font-family: calibri;"><span style="font-family: arial, sans, sans-serif; font-size: 13px; line-height: 13px; white-space: pre-wrap; background-color: #ffffff;">Sharing Information</span>: Summarize &amp; Analyse Information to Share with &nbsp;each other</span></p> <div></div> <div><span style="font-size: 12px; font-weight: 700; vertical-align: baseline; white-space: pre-wrap; font-family: calibri; color: #d9d9d9;"><br /> </span></div> </span>	Strategies	Community Capability	74
Synthesize & Discover Knowledge to collaborate and engage	<span style="font-family: arial, sans, sans-serif; font-size: 13px; line-height: 13px; white-space: pre-wrap; background-color: #ffffff;">Using Knowledge</span>:<br /> <br /> Synthesize &amp; Discover Knowledge to collaborate and engage	Resources	Community Capability	74
Leverage Best Practices and Tools to Facilitate and Support Effective Community Engagement	<span id="docs-internal-guid-59bfa654-11ff-e2ff-f6a0-1ef3440b8135"> <p dir="ltr" style="line-height: 1.2; margin-top: 0pt; margin-bottom: 0pt; text-align: center;"><span style="font-size: 12px; font-weight: 700; vertical-align: baseline; white-space: pre-wrap; font-family: calibri;"><span style="font-family: arial, sans, sans-serif; font-size: 13px; line-height: 13px; white-space: pre-wrap; background-color: #ffffff;">Facilitate and Support</span>: Leverage Best Practices and Tools to Facilitate and Support Effective Community Engagement</span></p> <div><span style="font-size: 12px; font-weight: 700; vertical-align: baseline; white-space: pre-wrap; font-family: calibri;"><br /> </span></div> </span>	Resources	Community Capability	74
Initiative Support	<span id="docs-internal-guid-20d9fb65-16e8-6f80-f316-7c8540606ab8"><span style="font-size: 18px;"> </span> <p dir="ltr" style="line-height: 1.2; margin-top: 0pt; margin-bottom: 0pt; text-align: center;"><span style="vertical-align: baseline; white-space: pre-wrap; font-family: arial; font-size: 18px; color: #434343;"></span></p> <span id="docs-internal-guid-20d9fb65-16e9-13ba-fec2-2e887edb3cb5" style="font-size: 18px;"><span style="white-space: pre-wrap; line-height: 1.2; font-family: arial; font-size: 18px; color: #4a4b4c;">To provide support to the community by facilitating the transformation activities of the Transform Rockford initiative</span><br /> <span style="white-space: pre-wrap; line-height: 1.2; font-size: 18px; color: #4a4b4c;"><span style="font-family: arial;"> Strategies: </span> <ul>     <li><span style="font-size: 16px;"><span style="line-height: 1.2; font-size: 18px;">Framework</span><br />     </span></li>     <li><span style="line-height: 1.2; font-size: 16px;">Support, Leadership</span><span style="font-family: arial;"><br />     </span></li> </ul> <span style="font-family: arial;"> Objectives:</span></span><br /> <ul style="margin-top: 0pt; margin-bottom: 0pt;">     <ul style="margin-top: 0pt; margin-bottom: 0pt;">         <li dir="ltr" style="list-style-type: disc; font-size: 37.3333px; color: #99cc53; vertical-align: baseline; margin-left: -5px;">         <p dir="ltr" style="line-height: 1.2; margin-top: 5.6pt; margin-bottom: 0pt;"><span style="vertical-align: baseline; white-space: pre-wrap; font-size: 18px; color: #4a4b4c;">Highly Functioning Framework</span></p>         </li>         <li dir="ltr" style="list-style-type: disc; font-size: 37.3333px; color: #99cc53; vertical-align: baseline; margin-left: -5px;"><span style="vertical-align: baseline; white-space: pre-wrap; font-size: 18px; color: #4a4b4c;">Volunteer experience and satisfaction</span></li>     </ul> </ul> </span> <div><span style="vertical-align: baseline; white-space: pre-wrap; font-family: arial; font-size: 32px; color: #434343;"><span style="font-size: 18px;"><br /> </span><span style="font-family: arial;"> </span></span></div> </span>	Outcomes	Support Teams	80
Transformation Map	<span id="docs-internal-guid-20d9fb66-16eb-6947-2495-b1b515ff5a91"><span style="white-space: pre-wrap; line-height: 1.08; font-family: arial; font-size: 18px; color: #4a4b4c;">To create the roadmap of the communities transformation include project and metrics information as well as an overarching community transformation dashboard </span><br /> <span style="font-size: 18px;">Strategies:</span><br /> <ul>     <li>T-Map</li>     <li>Dashboard</li>     <li>Project Inventory</li>     <li>Project Launch</li> </ul> <span style="font-size: 18px;"><span style="white-space: pre-wrap; line-height: 1.08; font-family: arial; font-size: 18px; color: #4a4b4c;">Objectives</span><br /> </span> <ul style="margin-top: 0pt; margin-bottom: 0pt;">     <ul style="margin-top: 0pt; margin-bottom: 0pt;">         <li dir="ltr" style="list-style-type: disc; font-size: 37.3333px; color: #99cc53; vertical-align: baseline; margin-left: -5px;">         <p dir="ltr" style="line-height: 1.08; margin-top: 5.6pt; margin-bottom: 0pt;"><span style="vertical-align: baseline; white-space: pre-wrap; font-size: 18px; color: #4a4b4c;">High functioning Dashboard</span></p>         </li>         <li dir="ltr" style="list-style-type: disc; font-size: 37.3333px; color: #99cc53; vertical-align: baseline; margin-left: -5px;">         <p dir="ltr" style="line-height: 1.08; margin-top: 5.6pt; margin-bottom: 0pt;"><span style="vertical-align: baseline; white-space: pre-wrap; font-size: 18px; color: #4a4b4c;">Transformation Map Completion</span></p>         </li>         <li dir="ltr" style="list-style-type: disc; font-size: 37.3333px; color: #99cc53; vertical-align: baseline; margin-left: -5px;">         <p dir="ltr" style="line-height: 1.08; margin-top: 5.6pt; margin-bottom: 0pt;"><span style="vertical-align: baseline; white-space: pre-wrap; font-size: 18px; color: #4a4b4c;">Communication of Project Inventory</span></p>         </li>         <li dir="ltr" style="list-style-type: disc; font-size: 37.3333px; color: #99cc53; vertical-align: baseline; margin-left: -5px;"><span style="vertical-align: baseline; white-space: pre-wrap; font-size: 18px; color: #4a4b4c;">8 Transformational Project Launches</span></li>     </ul> </ul> </span>	Outcomes	Support Teams	80
Community Engagement - 	<span id="docs-internal-guid-20d9fb67-16ed-0726-1c4d-366d848dfc28"><span style="font-size: 18px;"><span style="font-size: 18px; white-space: pre-wrap; line-height: 1.2; font-family: arial; color: #4a4b4c;">To increase the reach of our community&rsquo;s transformation by gaining support and alignment to the community&rsquo;s shared vision and values</span><br /> <span style="font-size: 18px; white-space: pre-wrap; line-height: 1.2; font-family: arial; color: #4a4b4c;"> <span style="font-size: 18px; white-space: pre-wrap; line-height: 1.2; font-family: arial; color: #4a4b4c;">Strategies: <ul>     <li><span style="line-height: 21.6px;">Network Map</span></li>     <li><span style="line-height: 21.6px;">Stakeholder Alignment</span></li> </ul> <br /> </span> Objectives:</span><br /> </span> <ul style="margin-top: 0pt; margin-bottom: 0pt;">     <ul style="margin-top: 0pt; margin-bottom: 0pt;">         <li dir="ltr" style="list-style-type: disc; font-size: 37.3333px; color: #99cc53; vertical-align: baseline; margin-left: -5px;">         <p dir="ltr" style="line-height: 1.2; margin-top: 5.6pt; margin-bottom: 0pt;"><span style="font-size: 18px; vertical-align: baseline; white-space: pre-wrap; color: #4a4b4c;">Network map tool in use and benchmarked</span></p>         </li>         <li dir="ltr" style="list-style-type: disc; font-size: 37.3333px; color: #99cc53; vertical-align: baseline; margin-left: -5px;">         <p dir="ltr" style="line-height: 1.2; margin-top: 5.6pt; margin-bottom: 0pt;"><span style="font-size: 18px; vertical-align: baseline; white-space: pre-wrap; color: #4a4b4c;">100 Stakeholder commitments</span></p>         </li>     </ul> </ul> </span>	Outcomes	Support Teams	80
Regional Communication 	<span id="docs-internal-guid-fa6570b1-16ee-efd9-f517-a0366ae0a4ca"><span style="font-size: 18px;"><span style="font-size: 18px; white-space: pre-wrap; line-height: 1.2; font-family: arial; color: #4a4b4c;">To change the regional and national perception of our community through telling the story of our transformational journey </span><br /> Strategies:<br /> <ul>     <li>Enhanced Rockford Brand</li> </ul> <br /> <span style="font-size: 18px; white-space: pre-wrap; line-height: 1.2; font-family: arial; color: #4a4b4c;">Objectives:</span><br /> </span> <ul style="margin-top: 0pt; margin-bottom: 0pt;">     <ul style="margin-top: 0pt; margin-bottom: 0pt;">         <li dir="ltr" style="list-style-type: disc; font-size: 37.3333px; color: #99cc53; vertical-align: baseline; margin-left: -5px;"><span style="font-size: 18px; vertical-align: baseline; white-space: pre-wrap; color: #4a4b4c;">6 regionally published/broadcasted stories </span></li>     </ul> </ul> </span>	Outcomes	Support Teams	80
Technology Team Objective Measurements		Strategies	Technology	74
Process / Analysis Team Objective Measurements		Strategies	Process/Analysis	77
Engagement Team Objective Measurements		Strategies	Engagement	80
Communications Team Objective Measurements		Strategies	Communications	81
Leadership Development Team Objective Measurements		Strategies	Leadership Dev	81
TR Staff Objective Measurements		Strategies	TR Staff	77
Top 25 Community	<span style="font-size: 20px; font-family: arial;">The mission of Transform Rockford is to facilitate the Rockford region's transformation into a Top 25 Community</span>	Mission	No Prefix	80
Achieving the Community Vision	<span style="font-size: 20px;">The community achieves the conditions described in its vision and impact statement</span>	Outcomes	Steering Committee	80
Strategic Planning	<span style="font-size: 20px;">The community creates, implements and continually improves its strategic plan.</span> <br /> <br /> <span style="font-size: 20px;">Goal:<br /> Using the process framework provided, spoke teams develop community strategies and plans and facilitate their implementation to transform the Rockford region into a Top 25 community. </span>	Outcomes	Steering Committee	80
Creating the Climate	<span style="font-size: 20px;">The community has a climate where transformation flourishes.<br /> <br /> Goal:<br /> The necessary environment and processes exist to allow for the effective creation and implementation of transformational community strategies and plans.</span>	Outcomes	Steering Committee	80
