Name,Description,PrefixName,StartDate,EndDate,Status,ColorName,AssignedToOwnerID,AssignedByOwnerID
Create/Implement Communication Strategy,,Communications,,,On-Track,,,74
"Encourage Community input, involvment, and participation in TR",,Communications,,,On-Track,,81,74
Provide uselful info and educational opp. re: successful communities,,Communications,,,On-Track,,,74
Reinforce mission and objectives through communication,,Communications,,,On-Track,,,74
Support Communication Efforts of TR,,Communications,,,On-Track,,,74
Blue Zone Community Project,,Community Capability,1/1/2017,,N/A,White,,74
Engage Key Stakeholders,,Engagement,,,On-Track,,,74
Engage Residents,,Engagement,,,On-Track,,,74
Recruit Volunteers toward Highly Functioning Teams,,Engagement,,,On-Track,,,74
"Coach, facilitate, and mediate towards optimal team/staff performance",,Leadership Dev,,,On-Track,,80,74
Encourage alignment and consistency across the initiative,,Leadership Dev,,,On-Track,,80,74
Facilitate Community/Group Processes and Conversations,,Leadership Dev,,,N/A,,,74
ID and implement  initiatives to set climate and drive culture,,Leadership Dev,,,On-Track,,80,74
"ID, Deliver, and Support Volunteer Training",,Leadership Dev,,,On-Track,,80,74
Volunteer Retention,,Leadership Dev,,,On-Track,Light Green,81,74
Adding More Officers for Foot Patrol,,No Prefix,,,N/A,,,74
Create an organization tasked to look into the future for developments,"<span style=""font-size: 17.6px; font-family: calibri;""><span style=""line-height: 13px; white-space: pre-wrap; font-family: arial, sans, sans-serif; font-size: 13px; background-color: #ffffff;"">Create an organization tasked to look into the future for developments in existing and not-yet-invented industries and products.  </span><br /> </span>",No Prefix,,,N/A,,,74
Highlight entrepreneurial success stories and opportunities,"<span style=""font-size: 110%; font-family: calibri;"" data-sheets-value=""[null,2,&quot;Continually highlight entrepreneurial success stories and opportunities; get the message out there that the Rockford region is a place where current and aspiring entrepreneurs gather&quot;]"" data-sheets-userformat=""[null,null,14845,[null,2,&quot;@&quot;,1],null,[null,[[null,2,0,null,null,[null,2,0]],[null,0,0,3],[null,1,0,null,1]]],[null,[[null,2,0,null,null,[null,2,0]],[null,0,0,3],[null,1,0,null,1]]],[null,[[null,2,0,null,null,[null,2,0]],[null,0,0,3],[null,1,0,null,1]]],[null,[[null,2,0,null,null,[null,2,0]],[null,0,0,3],[null,1,0,null,1]]],0,0,4,null,null,[null,2,0],&quot;Calibri&quot;,11]"">Continually highlight entrepreneurial success stories and opportunities; get the message out there that the Rockford region is a place where current and aspiring entrepreneurs gather</span>",No Prefix,,,Not Approved,,,74
Build Framework and Process,,Process/Analysis,,,On-Track,,,74
Build out Process,,Process/Analysis,,,On-Track,,77,74
Drive Process for the initiative,,Process/Analysis,,,On-Track,,77,74
Review Dashboard,,Process/Analysis,,,Approved but Not Started,,,74
Envisioning Neighborhood Districts,"<!--StartFragment--> <p style=""line-height: 90%; margin-top: 10pt; margin-bottom: 0pt; margin-left: 0in; text-indent: 0in; direction: ltr; unicode-bidi: embed; word-break: normal;""><span style=""font-size: 14px;"">Envisioning Neighborhoods is engages people to create and sustain vibrant and prosperous neighborhoods for individuals and families currently living in the Rockford region as well as future residents.</span></p> <p style=""line-height: 90%; margin-top: 10pt; margin-bottom: 0pt; margin-left: 0in; text-indent: 0in; direction: ltr; unicode-bidi: embed; word-break: normal;""><span style=""font-size: 14px;"">Transform Rockford is leading the strategic visioning, alignment, and implementation process to achieve our communities vision as a top 25 community in 2025.</span></p> <!--EndFragment-->",Spoke Teams,3/13/2016,4/6/2018,Not Approved,Light Green,78,80
Rev. Brown Project,Implementing a holistic street ministry to reduce juvenile crime rate,Spoke Teams,5/1/2016,11/30/2016,Approved but Not Started,Light Green,,78
Develop and Implement Network Map technology tool(s),,Technology,,8/31/2016,On-Track,Light Green,74,74
Develop and Implement PM technology tool(s),,Technology,,6/30/2016,On-Track,Light Green,79,74
"Establish Processes used for Stakeholder Engagement, Targeted Communications, Network Alignment",,Technology,,6/30/2016,N/A,,77,74
Provide technical guidance on selecting / developing Network Map tool(s),,Technology,,9/30/2016,On-Track,Light Green,74,79
Provide technical guidance on selecting / developing PM tool(s),Provide technical guidance on selecting / developing PM tool(s)<br /> <br /> <ul>     <li></li> </ul>,Technology,,6/30/2016,On-Track,Light Green,79,74
Provide technical support for dashboard an reporting solution(s),,Technology,,3/31/2016,On-Track,Light Green,74,79
Provide technical support for strategy collaboration solution(s),"<p style=""margin: 0in 0in 0.0001pt; font-size: 12pt; font-family: 'times new roman', serif; color: #222222; background-color: #ffffff;""><img src=""data:image/png;base64,iVBORw0KGgoAAAANSUhEUgAAAlUAAAIHCAYAAAC2QKlOAAAgAElEQVR4XuydB1QUxx+AP45yVAERRey99967sfcaK4IFUcQCSJEiVSygotgQ7DVq1FgSo7F3Y++KHRELIv24u//bU/PXxCREUEOcfc/Hw9udnflmb/fjN7+d0VKr1WrEJggIAoKAICAICAKCgCCQLQJaQqqyxU8cLAgIAoKAICAICAKCgIbAe1KlpaWFvr4+0k+xCQKCgCAgCAgCgoAgIAj8NQFpwC8tLQ3p53tSJQnV999/T/HixQVDQUAQEAQEAUFAEBAEBIG/IXDnzh26du2qEav3pMrQ0JDz589TunTpTwoxIyMDmUyGjo7OJz2PKFwQEAQEAUFAEMitBNLT09HT08tVo0dSnaVnu7a2dm7F/o/rffPmTapWrUpKSsofpers2bOULVv2Hxf6Tw5ISkrSSJUkcWITBAQBQUAQEAQEgfcJqFQqpGelNIIkiVVu2V69eoWurq6m3l/Ldv36dapXr/5lpUrK2zIyMvpamIt2CgKCgCAgCAgCWSYg5ee8fPlSE3zITVKVmJioqa+QKtB03ueIVEkmK0mVsbFxli8wsaMgIAgIAoKAIPC1EJCkKiEhQfNclsvluabZkghKUmVgYJBr6pzdin7WSJV0YSiVSs346tu3CiWTlYb/hFRltyvF8YKAICAICAL/RQLSs/PFixcaqcpNUR9JBCWp+prSez6bVEkXRWZmJlJkytTU9LfENclkJakyMTH5L34XRJsEgVxHIPnhRW4lG2GRvxCFzHJP/kauAy0qLAhkkYD0/Hz+/LkmTSZnpEqFSpnAvfO3iUtOIwM1apUci6LFKVo0PyayLFbsb3aT6ixF1r58eo+a5Cd3uBdzn/gMLbTQRW5oRekaRTGTycih5mpofBapeitUUlRKSrYrWLDgb+PCkslKUpUnT56c6UVRiiAgCHwcAWlBhcxEjq7wY/lVK5p070uvBkUQWvVxOMVRgkBOEZCeoc+ePdPISc4MpaWTkXqSJbbhHFPro2MqRydZRb7a7WjVvR3NihqRE+/j/zukKp2Xsbc589NODhy7wEOlHloqfUzyVqWT6xAamumgl4NW9cml6t0I1duolLW1teaNAGmTQpqSVEnRK7EJAoLAlyOgVilRPdhG6LqHvLqVQPnuLajVvD5l5Tl4x/lyzRNnFgRyLQHpORofH68Z0ckZqcpAkXaSyOGb0bMZzTeNS2Adu5vIzTd5aNGAcYNqYZYDtJ4+faqp75eMVCmSTrNzwToOvyhHg2/70rWiEWQ8JynuPCcSmtK4gjby1zqSI9snlap3hUqKUkm/SwL1rlRJJiv9n5lZTnRhjjARhQgCXyEBNSplJo93BRGV2ILa2ud4qMiHcYX29KppmqPh8a8QrmiyIJAtAtKz88mTJ5oRnZyTqlMsHfF/qSqYdJiN390kzqAqgwbUICfCHJIISvX9MjnT0lLGSq5umMrW+OKUb9qbDhWN0ZFpgVqNWq1CqZahLdMiJxeO+WRSJV0ECoVCk0Ml/ZN+l/5JSepCqrL1/RIHCwI5T0At5Vg8ZM+0hTxuMIDm5RI4+sMNXppXp2+vqpiK1apynrkoURDIIoG3UiVFqnIm6fv/kSqdwSNo27g4eS6uZtMVLXTLd2VAXbMc+UPqi0qVlM7AFTZ57iGlZj0ad61LcZ1PfyP7ZFIlzZQuyZSUQyVNXCa97fehSJU0TixFqszNzbN4eYndBAFBIMcJqDJQxu1jRngstfp+Q+NKepxfs5ErqZZU6deDmuI9khxHLgoUBLJKQHp2xsXFaSJVOStV4RxK1UJtpINarwyNu3Sme5uqFNTPmSF/KbomRaq+yItoahUk7Ge+z6/otWxBh641sM4q8Gzs90mkSopQvU1KfytUUh2FVGWjp8ShgsAnJKBSpPH0UChzYprRr0NtKlvpkXBsFTuup6Gu3o8BVcXkvJ8QvyhaEPhLAtKz8/Hjxxqpypn8pLeRqrW8atWRmlWtsHhxlWMnn5FWoi69+tahcA70yZeVKunFm9OsdDuGVuOGNO9Wk0I50Ka/KyLHpUoSKikhPTk5+bcI1dtKfEiqpPCgNCSYN2/ev6ur+FwQEAQ+CQEFGalX2e4ZxIanZlhYmmIql6F8eY/7zy0o3uJbxgyvS8FPcm5RqCAgCPwdAenZGRsbq8k9zrlI1eucKrntWNo3KUqBzIvsmLeN0y9L8I1zP+rmwN9RkghK9f0yb/ergIf8GDSPm4Xa0KhrK6rlRKLY33RWjknV26T0PxOqP4tUCan6u6+T+FwQ+MQEMpNJvbWFySE3KNmgFFZmBsjUarRkCh6fv8hL7ULUH+VAq/yfuB6ieEFAEPggAen5+ujRI41U5VykSpKqLegPd6RDk8JYJp3iu7m7OJNZgd4uPameAxO3SyIo1ffLSJWUU5VO7J4Ion+JRVG5J/071aOMZvGWdJQvbnAxoSIVi8jQzYn5I970XI5I1btJ6e/mUP3+6vhQpEoKD0qRKgsLC/F1EgQEgS9AIDPpGbe/9yXwYVdchzejgvn/7zBPT6xg895rPK09DrfWll+gduKUgoAgID07Hz58qJGqnHmTTpqn6gSLhi4hpkxVipYwx/j5PR6mFsC6SRt6tChNTowdSSIoSdUXnTLpxVUO7tvKz+fT0DIqRJF80tt/oGtsTok6nalbVAc97Zy7xrItVb+f2PPdHKqsSJUUHtTR0SFfvnw51ypRkiAgCGSZgCI1kVsHVnLevCttqlhhbvD/O4wi7iKnLt8mRr8W3zb4HBkJWa622FEQ+GoISM/Z+/fva9JkckaqMslUxHAw+kfOxyeQhDSlSh7KNGpJk6aVKZRDkRtJBCWp+uJTJikfcXHffvYevUmiDNQ65piXakL/7lUw1/4Xzaj+boTq7TxUb9f0+9DV/m6k6u1K25JUSZEqS0vxV/BXc4cQDRUEBAFBQBDIMgHp2Xnv3j2NVH2RN+myXNP3d3zw4IFGqr6mt/uzFamSolIpKSmaN/2kTv8roZJQv5UqSaCk6JS0SWOuklTlzy8SNj7yuhWHCQKCgCAgCPyHCUjPzrt372rSZHKTVEnRNSmyJqQKNBn7Z8+epWzZsn96qUod/bHbWwGTxlwlqSpQoMDHFiWOEwQEAUFAEBAE/rMEpGftnTt3NGkyuUmqpOiaJFVf09v92YpU5cQVLI25SlErIVU5QVOUIQgIAoKAIPBfIyBJVUxMjEaqvsybdB9HVIquSRIopAo0s6D+XaTq4zC/PuptlOttpEoM/2WHpjhWEBAEBAFB4L9K4K1USakzuS1SJdX3axr+u3HjBjVq1CA1NRUt9TvjeZJUHTp0SDP8p1Qqf1u7T9pFyqV6u+u7P3///2/X+3v351uheleqpLmtdHVzcJno/+o3S7RLEBAEBAFB4KskIC39Jo3qSMu65ZZNmgxcqq+U4vM1bFJak5RHNnr0aNLT0/8oVadPn9ZI1VspegvlQ7lUv5esD+37oePOnTunSXAvVarU18BctFEQEAQEAUFAEPhHBN7OqC7N95Qzk3/+o9N/9M5fdkb1j652tg68desWLVu2/GOkKiuJ6tk685uDT548iVwup2rVqjlRnChDEBAEBAFBQBD4zxG4ffu2Zuqh3DT89zXmVEnDf9WqVdPMjPDe8J+Qqv/cd1I0SBAQBAQBQSAXEpAiVW+lKjclqktvLEoS+DWtmPLF3/4Tkapc+A0XVRYEBAFBQBD4bASEVH021Nk+kZCqbCMUBQgCgoAgIAgIAp+OgJCqT8c2p0v+j0nVc2KOXeJOmimFK5SkRAFjcmgJoz9wz3j5kHvXL3I/zZrStSpTyEALmVZOd48o799L4CUPzl3h9mMVxiVKU7ZsfjSLn+fkpkwk/s5NLt1JQ69kZRqWMAHERZaTiEVZgkBuIJCzUqUkM/0JNw5f4ZFBESpVKUp+Yzmf4p3CnBv+U6FSPuPWkUvcowBlKhenkLkB/8Z3CnNGqhQJxD5MQsfCEjMjObr/oHfeHf7LTE3g2cPbxKboYVKwNMUs5OhIppISx+37T3iZooe5VUEKFsyDXPomKNNJT4jl6sNE9PMXp0S+04Q1tCP4Xl3s53vi1qPSP3zQqchIekbcvUckqC0pWsEKE9kHFltUpXD7p3CmefiwXc+BeeuDaJ//FfHX7vMs0wSrMtZYGMv/Ruik2egVJNy/zaOnMowLW1PA0vh1u3JiU74kNuYRT14mo1CDjpE5+QoVp3Cef+NlmNUGv8PsmRZG1tZY5Tf5HTMVqsxEHl25xzOFgky1Gmnify0tGQZ5rShobY15jkA+yeKe9vhuSqHqhABmzuxOhaw2I6v7pV5j/+JAHAMPkt5/NgeCOpJPLhPynlV+Yj9B4D9C4PdSlZ7wiMexj3mhzoOFdTGKmOmCSonqVSxX7j0jQ3oOlbImXx59NJMVKZJIePKImBcqzArmx1yxC88Ko4kq5kDUake6VCyA/idg9a5UZSTFE//oPvEZhphZl6SouS4y1KiTH3P93lNS0g2wLGpNfgsj9KS6ZKaS9OwRN+PSMC5YmEIGB5haxZZw7d4ERTtj27g4Bp+gztktMhtSpUKZmUZS/DNePTnAgmmnKGQ7hq5NSmGtIZK17V2penF5B6u9+zBpvyWNPL5nvV1F8hrpoDwWTE+nuWw/ZUl3Vx+8fbpRWRfUL2O4ts6FBh4HqDH5B5bbvmRdB3uC79Zh1DwPJneriFHWqvFmrzTuHo0m1NadjQoHFp2bQitDvT+IjirhOFtm+OC05AnFXZawb3w5Up/vxKvyKKLiW+H2SwDDGpci31+eWwXcZ/OYHrhFGtF0eiAeYxpT7B/V9wM7SwahTOb5lXVMHR/B1otxqA11MCzVlK6jfPHqWVzTntwZ75Ck6gFbHHvgvkROg6BApoxrSvH3MKSS8mIXXlVGsPSZEl0LEwz1tMh49RzLBoMZ4R6ATR1TDLLtlhdY5+BF+A+plBs5gclubSmd3b77w/Fqnp5axUJPe2bHdMFr01KGl9dDrp07ey/H8YgCBYGvhMDvperBj/5M8wkg8kVTBk5dyqLehVCnvSRxtxu17Fdz50k9nDeE4NClGoW1Qf1wPxtC3Ri6UUGfoNXMaHaKqdXGsqyoPZErx9K5Qv6c+4P+nT55V6qeHFvCfO9xTLtano7e61k1qAR6WgoU+71pOnoJp26Vw3ZOIC4jmlFKB9RPznIw0pX2s2/Rxm8ri3veIqzuSObJehAY5cywRsU+iQhm95LKhlQlk/D4CCvdVnLC3BT96wpqjZ9EpyalKPSRUqV+ep6jy9xo7nsGs6FLOO/fmgJ5dHm0bhSDfdaw92oKVfp64jbVh/5lIf3xRfbPHkyfxU/oHXES/443WdHKjpD7dbGb5YRT+9LoKUFLWwe5gTFyHaRXHFFnpvEqJQPVm7ULtXT1MdDXQ1uVyM1fIpk1eirfK+yYfXQyLYxNMDd6HTF7+yhLOrOMWb4uhN+tzbiIrbg3SCf52Q6mVBzJ0ietcD8YpLHoPCmpZKi0kGnLQJFOhup1xETP0AS5TiaZKdfZMK4/XssMaRjgjfPIJpSS66KnpSQtLRMtPV200jPIRBd9E3301ApSUtNRKCUhk9qli56+AQbvhgZVmXB/LY79fYh6VBeHwAlM6lyUuz/+wpnTCdQIHEEt1KBWkpGcTFqmWvoNkKGrr49croeO1FCVkkxFGkmpivevMZkcAwMZ6owMFGppUrf326ZrYIxO5ivSFGpUUoRMboi+VKYmeqlGlZlBekoq6a+bAGgjNzJCriNFYJRkvGGmpS1D6x1muoYm6OsoyUy5wcbx/fCOllPX1xuX0c0oLZf6T+dN+FqSqp1MqTSSJeYDmb5oNL2rGvHrwgkETtvN82aT8YtwpaOlGrVKSXpKEumZUs3eMDAwRF9PGxRppKWmo5TJ0TcyQFdLktV0kpPTyZTpYWioTWZiAonJKnSMTTE1M0BXap8yk4yUZNKU/2+fnqEh+royVBkpmn5V68jRN9BHV0uFSpHKq9RMZHIjDPW00SaTtJRU0pQy9PT10U84ze55k+mxKI52/ltZNbiEZj+xCQKCwNdD4PdSpYrZRkSAF+O26dDAeT77J9VGmfyUK4v608HvAA9fqGjltQU/+440sILki9+xyG88U8+WwilqO2NLbMOn6liii4xiUaQNrUtZoKMCbV195Pr6vL7FSPezDNJepZLxG2oZegaGyPV0yMrfdu9KlerRQbbMcafvwjhKj1nM6SmNkJNBzPJB9PDdyYUHGdR3iMDbxY52RSH19n42hYxg9DY9bJcexLPeYWbVHsE87Z5MjbCnf21rTZ1lOnrIpTq9qbN0X9fcg997thkgl+uio6VCmZFOWpoCtZ4cHYV0r33dOB19Ywykdv2DkbYPXYHZkCppjDOd5ISXJGdeZOOknRgMGU27ph8vVaiecOvQEiZ8E8rhFj7sXDmU6ubP2enYE89VZ7iYoCJ/S3smeQczsbGc+KvbibCxY05ML8JOTaN7oQssaGTHjEeNaNU6AXn8r/x8VollpRYMmRrF6NoyZBlJpBycQUf377jzJAm1MpN8rZ1wmTSUBvFrCXX1JvLMC1LIg0URK0xqjGXpnIHUL2T6OiSJmvu7/QnyCGSnwWgC18ykX+GU30lVMCMbKzng7MG6W3nJW6MQxj9HsjpGhb5ZIXqF7GJS46fsmzwQ/3WnuRAvQz+vGabFW9NjUHs6FzhD2PT96PfpSaHFK9mr3R63Hc50Tf6eST5R7Po1ViMERpW+od/4aXi2tdAIn0b6lAo4FkxL2zD2mQ5mZoATji2LoE5PJyNdiY6ZEXrqTFITLrJu7BDmHH/JC4UWapUVLR08GGPfkZp5tFA/v8LZDSF0C9ynGW5SZWaiVGshK2dLsEsZnv2whu0PC1O+ZjFMfl7Iylsq5OaF6OK9jsanezJtazwPXyipPXIeE20709BaKiSVB6e+Y7GrO8tjpG+ADC2tStgumott02JYya+zzdWHddeNMa9Vgjw/L2LVbRX6plb0mLYb5yYv2O85CP81pzj/RAu5uRlmxZvTwXYcwQ4NyKvpnzdSVXkUiy1smLd8HP2qW3FnrSOe3vM5aj0M9zmLGVk5g8TYE6wcY8u88xmkSGKlKkJnj0DGDquDesc0Zvos40KRwbgu9KZbvmSSr65k9MA5HMw/kNDwrhjvCiJ0zmMshzrjOaUtpVTpPL35M9FOo1l0RQuFWgu1shT9Z87CvmdJnq9wJyRkF3F1RjM51Ik28oc8+CGItj77KDk8inlDa1JctYcZjkEsPFeErpNd8etnyIWlfgxy+YXMUUs549OUPPo6uTTS+PU8BEVLBYGcJPCHnKrMm/w8ZyqT3Y+TaRfM1rmdyfviLCsHt8dj7wuepyopbbuIUOfBdCir5NrWEALHL+ColSML9jlR88VWvCs7EF1kBKMb7+PM6Viu3ldSrvMEHCY40bW0dL9+Sdz1rQS392a7Wk2mRrJK0NMvmFF96lLG4O9TEd7LqVLe5/SGWTgP2UBMz0B2RfWluDqGDbYd8dx+l3uJSor08sfPfQKDqsu4dziSWaOmsCHDloiTXrTU2U9wVTvm6/bh2xaXiLtxg5PXlBRpMoAR7oEMrCxDS60g+fk51o4ZytxTybxUSPd1a9qM88JhRFuqm8Rz+YdIwr12kjBgBHUOTGXxhXSS0pS08NiCa9/aVLT4fwDlY/owG1L19nSZZGacZOmITegMGEnbZqUp/JGRKumBGHthE7P62rEksRNTty9kcOVrRLcayqZ8ldCPucW92ALU9Axi4WhrHm0Lw25YNJc7zObk3M4UMz3NzAYjmHU6juJDXBlrVx92hhMWfAL1Nz7M39iLsje34h4US8PBjaiQP53js52Zt8WAWi5T8Rpdnhc/hDNr8hx+yuyL96bRNMhbmLJFLTDS034TCbnLvulTmOL1E6+aTyZ86zia6KaQ9F6kahqjGqeye+R4AlYcJaNFP0Y4DKNiwgbCBkZypbIz4T+PpFbKBTa52hPynQG1Jo5j+KCmVDJ5wZ2d4YwavYL40pXoOWYJQxtYUsbiNKGzbpG/bnUaVjPl9tZQFs47RVpLX+avGoA0dapGqlQKuBXF0N5+bLiehmnV3tg7OzChZ6U3Q6EKkp78yvpJIwnZUZy+kWP5pkQ+Hm+cRMRmJcWG+uIzsTjP14TiGbCH5F7++LR8xU43B+Yfq8mg5UFMahXPdxN8Cd7ygJJdHHByqI/hySjcnNcSX6IqdQZMYkK7ZHY5+LP2XlV6z/TBZUg1Mg5GMm/ybHYmtWLsMjuqpSVyet4Aws90ZkyUGwPrvmK3wwT8ow6R1rwvIxyGU+XVBsIGLOZihUmE/zyKWumX2TJ5FCEb9Kg2fhwjhzSjYr4CFP7tpYT3pWr+igkMqJbKTvdxeM48g253d0KjRlIhbi8rJ45n7pFK2K4cSzNLE+4st2PuDmsaunsztNJZ1rlOYvrt6tiGrmVOK20Sf/ampk00sp5LWOVdj6TFw3EJiqWgQyCzZnbE7MJmIp29WX6tLvarR1NfX8blhQOZs782vcKm0M1wK3Odfdmq2xuvhUuxs7rBiQVDaen3K9qNAtgSOYzWSasYZOfH99q98PbzZXzzDK7smMukLhGcqejE6iMuNDbR/ySh+o+5gYhjBAFB4NMT+GOi+kvOrQ/Cf+w8TpW2Z8Z3vrRiB4H1h7O/bS8KbNvKKYsejA+bzPjmr/gx2AunuTcxHzGXfX61UcRtZUrFEUSlyGnjGcHI9tqc8/dn8R4daozzI9ivAXpn1jK973Q2P63DuO/H0NgsgQPeE1lxxpwGkwMZN7QZFf8mqen9RPUkbu1dTLCNO1uNBhKyPZTu+Y8QVm8ou2q3wvzwYS6p6tEryJuA3nJ+jQzEfvLPJH4bzomZzTHO3MfUqnZE3M+g9rhpjO5TmMdLpjNvRSxWA6YStqg7RR4fZ91Ee2b8WJqB0WNpXSQvj9aNI3yLLmVH+uDlWIbnm2Yxuc8MTpWrxbeTZtGr3Bmi+3izPbMz41e6M6x12b9J3fnr/s4BqVKgSD9F1MhN6AwcxTfZiVShIvn+aXYGfIvtBiWDlx7By2ottkP9ednZjUYvjnJ4/RHSe01lztQW6GxxpZ3vKZrPPMLiXpaYGhwhpMFwZt4oQo+QAHyG1EWxP4xgJw82q+2Yvmsm3U3iuHFPn7KVLTXjsZciujDG9yTqHiGEhA2i8K8LmTbElQ2KMURe9qWNXPt3CefX2enjgUfAJQxG+rMyvAcl+JBUpfHTqHF4Rj+kkKMX86f2peCjPSy264Lfr63x2heNXbVU9o3phPNiI5qFhuDl0JAi6dc5Gh3IMIdtvGhqz7LVvrSy0kYn7RFXYrQoUKwgeQ3h0Y+++E4MYa/5eKZv8qeLBa8TmNUqSH/C9QPR+DnPYe35V5iWLE2FSg2o3XkYvsNLk3p8KaO6+/JjzekcjLahZj5d1KdnYus4l+NF7Jnp1h7Z9z4MWy5jwqbVOJRJ5EJob3pNL8TIrX6MqXWbKLvJeG3OoL6TPwv92mFwaRVTe49m+eO2ePyygNE1DDnt2Zax4XGUcJpL0PjKPF/miYPfSbCJ4Nj0lhii5OV3NtQe/QvVPNcTZJeXi66OuC+6h9UYTyL8vqVQ3F6W2HbE93QrPPcuY3iNDA6M64TzQjkNp4fg49iYou9d42+kqqIk5oYUKFMQSxMVzxOsqda2D44j2lKtpBZx++ZjP3AuJ1uEczK6P6UMQHnIi2720cQ39SFoTDUSVjpjP/shxeznss6tIjEzWtB3npxO89fh2zs/NwIH4BLyGOsxgcwKqUXKmmDsx27gXrcFnFnSBUsgY7cjTUduwmTIAgL7GnNutjPuP5rSOiCcBQ3us3biALYk1eaX82UJ3+fGNw9DGTFuM0+bTiLAx5bWBVK4e3Q5wf3d2KQcwcJLU/kmj8G/MkHz0z9axBkEga+TwB+lSsnzEysJ957I7Lu1cV20mkGvAmg7eAmlvJdSbZsnKw7r0SgonIDOSn4KccFtvzlDZ39HSGstEuO24VlpNNHm7QmIDmFYIwtuRNjg7PcTCS38CJ3WFv3tHnR2PkCJUatY69eMovqZXFs4gMG+P/C0hT/Bnvb0rvDXVvW+VClJvLqLVT4jmHzIijHRPzFebw5d+oeSZ+xs6pyOZOuuWAo7zmSGfVFiFjszOPo5PWbvY14nOeqMn/GRpCqtLo4RwYzvVJr4DZOZ4raIX4u7MGvNWGrcWMSonoHsqzeLI8uGUMVMG9WJYAaNieBiGUdCZg2jyNFpTOq1hLMtHVi+cgpNzZ+yw6EhjiuNaTN7Ia6DG1A2Gy8z/cukClRJ97m2zZveo7eiHLmWVaVWMNwvhuo+AXxruodlPjM4UnQsLuO6YbS+F2N2lsV5yw4cq+tirHuQ6fWHE/KgAfbz3HDvWoGXRxYx192BpU+H4r9tMQMKK7i7eRyh2x/z+JWaxDvHuHBNTcUhAfjNHEbJcwuYZuOmSVRffMGb1n9IVL/BLh933IOvY+wUxLrgDhT8M6kaORaP1elUmhLIUpcmaN89yUb3Jkz8sSmTtq1mVK1U9o/rgusSI5rODMJzbBOKp13TSJWN837SbeZzcnpb8spf5wvF7vFn4aaznI/NJDnuGjeuPECnyij81kynT0HQencsODOWS4fPcu3WYXauXMeKfbGYNxuEh/cYOj4JpfHQVcTmr0yrilYYybXRSozh1JnzaDdxIdDDjqLHvBgRFku7xZsJbvKSHyd0xHZvc3yWuWNb8QoRIybj9YMBLd0DWDq5EZnXtxI+YCjhMUOYf8mfTgXycC20CaOCb5HXLoJptvm5tsCdIWFn0CtTnZZlzFGrlaifXGTn8Ts09NnL7PGFifFwYPLSZMp5BhI9uRk6906zyb0R43c1ZsLWNYyuk87BCV1xXSSnwbQgvJyaUeJDUlVpBEu069FvVHsqJMxC9qYAACAASURBVOxmzbYLpNQfg7+nE12tYji3xosW9pt5VawGrStYanK6tBJucOjkZfL1mM60qSMoeXIqLqNXcr3aRCKWV+LAN/2Zo+jP7PW+9KmmzRHv/rhNj6Pg2GDCvItyb647nT1+JrNUDdqUs9BIruz5FX46foNyo1Yyy/UbdLdMwjn0HLJB3izslUx09xno2rVjW/ANvt08mwbXHPCMTKXsEC98RzSikE4aD06uYpbNRFa/Gsmii760NdH/VyZofp2PO9FqQeDTE/jQlArK+GNsn+uBw5JnlHOcyUx5KG38lThtn0ODo864hPyE0ZAVTKj/hGPhnqxO74PfivkMLpFEYtx2PCuPYVmxMUStHE3n8vm5s8YGV6/vuFM7AL/JDVAut6XXile08dvFmsGlyKMvI/2AN13GzuFUMSdmeE/CpvZfTyTz+ykVVAmXObLckyG+pzF3XEaUZTidvV/QOzqU9rHhTAtYyZMWITj3LMyTpSMIvNIMr40bGFk+HXXaHnyrDmeedm+CoyZi27AosTs98feYwV6zSYQssqfqcU8aD1tLfMEqtKpYQJN/qpV4m+OnL2DQwoOAsElUOxfEhN6ruNIjmN3L+1ECBUf9q2I7V4v6fktxH9aYioYf36f/OqlC+ZzH56Oxb+zHrkYOeBbcxKLjDRg11wP7SudYNMGDsBuFqNm8LsW/D2djAUeiN3nSwlIHuewQ0xsMZ/r9uowMd8e9W0USjyxkjttYop/b4Lt+Gs3vLMLbZwpXC9vTvIoVXFzO1p+fYd03iIDQoRT/dQHBQ93ZpBzDkotetDL4/dt/70pVMOuD22P1p5EqRzxXpVLBM4BI12bo3j3BhsnNmLSnKc7bVzGqVjJ7x3RlcqQJzWYFvpaqVEmqAhjqdphMh0gueDXBQFdNwuk1BPhMZJ+iBTVrVyd//D727jrC0xKjCVgbQm9Jqj74Ulg8N3+IIiQ4nMjbBWgxyosIq+VUmbCLgs1s6Fczv+bLopZpo6ujQ4HyDahf24qXOwIZ4bCep7Xa07q0gms/nsXENpSpDm2oq3+I2aM98Nkup4VbAJFujVFe+565A2yYd2cQ4RcC6FLQlKuzmmA/7TYWwxcQ8q0Rp+e5YLP2GfU6DqRrOQPUUn1lush1tSnZtA9Nqr1i/wQnPKNfUcYjgCi3FujdO8V3k5sw4cfGTNy2mtF1UvllXDcmLzagYUjgn0uVlFOVz45F61zpZbgN75HuzLpYlYH+YczrqeD8oknU9TpMmba29K2WFwNdLdQyHfR0dbCu2oL6DWpgdnU54a6uzL9fGYfA9pyw8edarwjWBHWiplUye7wG4j7jMQUdpzHbLT/XZkyk/ewrVGlvQ+/KJmhLmZxvyixapyON6pRF++hMAv2Wsde0PS42Rdhlf5qWWzpyccxUEm3dKbEziOXxdRno7oZHx1LoIEnVakJtJrBKSNXH3+nEkYJALibwwXmqlLc5vmIGjvY/cKfdt0ww2Mi0c31ZumsCzZ9FMdYmmP2l+tHaKJane07yqI0Xi+fbUsMw+XWkSpKqN2//da2Qn5jVNrh6b+JubX8C3RuhXj2KLpFPaTt1F2uGSFKlTfIeV7qOC+dOjakET3GkV3nNhA1/uv1hnirlI679NJ/R3RZyovVIvMzXEXKyI8Hr3OhluB3fkb6skzWmcZk8yHds4mgVV6LWTKSBcTrK1NdSNV+7JwFLJ2HXqBiPd3ji5zGTX/JOYvp8W8rvm0DVST9RpKUtfWtYYiKX7uuvn21WFRtTv3EJ0n+ehUvflVzuHsDO5QMopZXBkanVsJsno4G/JFWN+JsA3F+2OQekSsrjOcmSYRvQGeJAhxbFyP8PLt4/LlOTxov7Bwjv2pWQZ2UpprrCi5q+zPIdSd8q99g4eQrui4/w2NKMYk/AYNRivvdrSgE9LWT8hVS9GIb3Mncqfd+L9qEvGLzyKMGdTTjv0xmnsFPo95tOwKxhlL28nDD7EUQ+G074qXB65/399APX2OHjiYffefSH+rIssh9lP0qqpEiVNqfcWzBuvoLqPnPxm9SCUpk3OLrY77VUjV7Cee+mGGhncjeqD+08j1NqwnrmujZFZ6Mzk5xmc6akE0HvSJWUwJ54cSv7M2pQq0JxChmB8to6wjwn4Ha0CN285zKj2Aa6dY7gVft5rFkxmNrSnJLvbnGH2TI3gPELHlChZ1vKm+igb1CGdqO+pW4hA/Sf7yZ0jCe+WZUqu/kEO5bgXoQr9rNiqDQminWBDTD7w3VykQ0OE/Fa9mdSJUWqdDg9pRVO4alU8pyLv2srynwoUlV5FEssbJi73ImBlVLYFTABj4gz6HaZzFy/nuQ56EvPb9ci6xPJdyt6UO4Db3xkPj7Gjvmu2IeeJn+tBrw6fZ+G878nuHtprI2f8qP3IDymP6bgmCBCp5YnLmoKA8f/gqVNNJsi2lLoA98Dxf3dLA8OZubW51Tr1pzrN8qzcGUrrjk3ZpZWE0y3/sLLZi6MmzKKwdVNgURuH4oioKcX23WGs+CKH+3E8N8/uMOIXQWB3E/gw5N/JnJzTyQho9xZkVGKsjr3SW65iO8CO1HN6BABnSYSdusVuhmpGMqrU99tBgtHVcWIv5aqO7X8mBHanXx7fOk94geMxqxiR1BLCuqkcXZGNwb7ncd6rPS86kmdP97E34P9x8k/k3l0dguzvh1KeHIFymnd4EWD2SwL7E8L6/NEDHUhYO9t0vS1yZdqRfHx81jnVg8T0slM+QupMp9ISJQj1S8F063bEtI6L2Ddym+p/ofRyUec2zQHt37/SqlSoUh9zt1fT3Dz+S32Rp5Eu1ErKpcpSvmKFShVwgqzLExn/qG1/9Jf3OdkaCvaBdwgWQXVXbYR4die+oWecmSuJ1M9lrD7FegXbcqIhZuY3tocPendSg4SVMuG4Pv1GB0xhSk9K5N4aD6hLg4sfT6MgO8CaXTJkyF2h7G2s6Fl5Zc8XvcTK395SrHBzgSEjqLu8wN8P304E6P1aeIylpbV6tCpZXmsjOVvZm99zJF5U/Dx3Myj2q7M3upMK4NkXj3djnsZWxYntGHK/pk4NE1lt50DbstTqOg9jWUeLdC9c4x1kxri9GNzJu/egENtCxK3DcPBeTcPynShU9+utKkkR3U6ErsJ+1GMjebK1GYY6al5dngqw4Zs4mWdTrT7Ji+qg3v4btMNnlXqTvCGUPoWBJlMmilBwdODwQTuTMfUohBF88l5em4z+w6dJa2eE84u42hifIh14wKYvSaZmj49qV3Y/E0Sez6KV61BtUKPOLgggClLEmnoPJzGljK0pbEsdRFqfVODUroHmW3rgudWOa08p7FsShOUVzYT1ncQc2KGsuBaMN2szbgyvR7DA2+Tb3gEwf7fkO/EGiI8IvnhSn7aBHalokz2hmlxaneoTXmr+2wZNRa3yETKek1jxZRW6EnRvUn1cdzVFJddGxlbNx+JP9gx1nkHd0tIzLrQsnYNGlcr+GZILIXk5z/gXs6OhRZ2LFg9gf41C/Fqnz9e7v5EvWyNfegSplQ4w3LHaSzcrqZRcB9q5DV8c3wBytarSbVKBTFRPOTCtnCcBgazNxVkhQaxaPcc+pQ3w0Q7jt0e/XAJjsXaMZiw0LaYXtxG5KQ5rDxgQMvpvahioPfmjdFCVG5ei0ol82GUcZW98wNwG7+SmIqNsBwwi6Ojy3A3sj3to+6TfElN54DFjLPvSC1z6W3OB1zYOodxvaO4XN+d73eNpoax/E25uf9hIVogCAgCf0/gz2ZUT7r+IxsCBzJsWTzo5qHd7JNEDyxFAZM7bLAdgM/y41zOhIItHJg8PQTHWtK4VhIvH3+PW9lRLC02hmVrneheqQAxKwYy0XMjd2r5MzN6DLVitxM5Zhrh90szdExTihi85OTidVw3aE0/71H0bV7qzRvX/yBSJb2f/fBXfgrpSNc5sZrXqxoHHSNyeC3KWsSyy90en9DtHE8Ds2q9GDc3Ep8meYA00pN/wquCDXO1ezNtuSsjmhTn8fbJ+LhKucXOzPhuKm05xNpxQczdkEodv17UsjLl9UieJSVr1KRWDW1ub5zBpN7LudQ9mJ9WD6K0VgaHvSsydI6MhsHLmWLXhEpfZvgvk5QXNzm4NJK9j5RkyrTRUmWiyDClSsfutG5ejeJZmKL1gwsqpyXw6mQUNjN/IiEpg/oj5zDsm4qUzAPxJ1eybmU0Wy4Zkr9US4b6OdEyH+jIpMkmLrJ+7CzWx5en49hv+bZRMVIubWdzZDi7X7VlmP9oGhueYqVNCNviE0hUadGgcUOexMrIW60Bg0d2opreE+4f30yw1zquqLWh/GCCvbtRo4DJ65lpgcd7pxHs6csmhuK3aj6Di6eR9uoE0cPC2JVQg/6hdnSqksGZsHlE/ZxB0QE2TOxXDZ24qxxYMoGFZ6rSx9+dTmXyYJJ8hGVBS9l8/CYvTGrSsnsL2ha8xuKIcyi6TGTRoCoY6EnjZFfY5DST9Wdv8UippkKlihgZFuKZyhIbz1E0s3g7/CfNuPScI2FuLN59lZtJarRkOhSp15lvHSbQUTO7qAJF2imiBgexNU7i8Hauqgo0H2TDsH4W3F8ThM/4HdyvVJYCchWkxXH518J0jwzEo6M25xYvI/qYHtX72zCxf2VU94+wJWgGWx+3ZsxiGxpYGHN/oxOz18aSp70DQ/o3pbxhIg9/3cbiSUvYlyG9oCtNUCGFiJoyaq49Xatn8uvc+UTtTqHQgGE496+OTtw1DkaOZ8GpyvTy96Rz2TzkSTnK8uAoNh29zgvjqjTqMxSXQTXfRL7SX/eF3Wx25vmGMa7daVY6H3qxB1m3bBmLfzWhZt8xhPQoTMrzwywZEsIPL1NIleYv0/RudTo7DmNg7xpYk0H8tX1snjGd9Q9NMKwyhGke7SiTRx8dXnB6WTCR659j0WUow0c2oigpPL/zM4tHhPFjmgLFb2XWo7/PcHq3Kocl8Vz9aSNR077jXN4i1LcJZHILM/Qur2TE9G3ExFein6ctPZqXxkKqTtJljizzp/+Uoxg7reKES12M9LPw18rf36fFHoKAIJBLCPzpMjWJt7i0O5pxC48iNzan9cRIhtXNg6kcYrZ7sGDDcU4/NKdiq/4MGduDWpoUqFSSXxwjym4uP+XvzMTJ3WhYzJzHP09n8fJDxJUehK1TL+oYJvDs4hb8XFZwPlVanULK1miObchwutQughRH/7vtg8vUJMfy8EAUw2f/glJLl2bjljCsSUGsjODhvlCi1/zAvtsmFK/VhaGTbWgs/XFJBoq0M6wYEcpWWROGTepN+8oFeH48ilVRGzhn1BNbD1ua5lWQkXyCpdKzLT6RpN/uwRVpPcyW4TblST+0nsX+e7jbaBiBrq2w1lJweeVIZn6vRUWbSfRvV5liXzZR/e+w/vXnH5Sq7BX5yY9OvbSOuVNdmH6xLLZzvieopQFaH05o+uR1yfkTqHh4cAFhk5xYlTKcmXvm0T9/Jqqr8+nVwYfNpSayZvpI+tX46/nic75eX2eJmQ8Osi1sIv1XK+gzcysLehbCUC+bs9N9nShFqwWBXEsgZ9f++3wYcm7tv89X5+yeKWdyqrJRi9woVerk8+ye68+42ZcxGj6H/VOaYyy9PfafWD0klVt7FxA2IYzdmX3x3T6G+spUlEdn0M5rN4l1nYmaMoCOlV5PtSm2T0hAlcGDQ0uZ7TGBlUk2zNg0m97FtNETK3d/QuiiaEHg30dASNW/r0/+rEZCqj6mr9RKHh1dSoSvBxuSB+G7ejo9Csv+0ULSH3Paz3OMGqWUS7QjksCh8zioWRj69ZIuyS28WOfWmxbl86Kb3bn8P09jcvdZUi+zb3EIE8Muo283iz0uDTGQlu/5T8h77u4aUXtB4HMSEFL1OWln71x/KlUGBgacPXuWsmXLZu8Mf3N0boxUSU1SZiST9PIFyUpDTPPlxVBaV/CTkvqchatQpCXxMv4lqb+dVgsMzclvaqCZ00lsn4GAWlp3K5EXr5TITMwpkOcfLFXwGaonTiEICAKfh4CQqs/DOSfO8laqUlNTpbWG36wwDEhSdejQIY1UKZVKpI/+7J9Ukb/7TKVSafZ5u+/bysfExKCjo0PhwoV/+zwnGvbpy9BCS7PIshTFeZvk/OnP+tnOoKWlyRN7TxTV0iLJr/tQbJ+HgKYPpNCUWqVZoFpsgoAg8HUSyMjIQFtbW/Mvt2y5sc7ZYSuTybh16xadO3cmLS3tj1J16tQpjVS941ofFKO3lfiQNL0rUe+W8/aY8+fPo6enR/ny5XOZVGUHvThWEBAEBAFBQBDIOoHY2FhMTU0xNMzG+/5ZP12O7BkXF6epr4nJ7ydDzJHi/3WFSH8A37hxg4YNG/KHSJUEQgz//ev6TFRIEBAEBAFB4CskIEVALC0tyZNHmrcpd2zi7b93QklCqnLHRStqKQgIAoKAIPDfJiByqnJP/4q3/3JPX4maCgKCgCAgCHyFBIRU5Z5OF1KVe/pK1FQQEAQEAUHgKyQgpCr3dLqQqtzTV6KmgoAgIAgIAl8hASFVuafTsyVVKqWClGcPeJosvWovTaugSx5LS0xN9NEsV5eFLbfOU5WFpoldBAFBQBAQBASBbBMQUpVthJ+tgI+XKpWSlKd32L/Cl43nM0nL1EKdbkzVPsPo0rYG5cz0yMpsGkKqPltfixMJAoKAICAI5EICQqpyT6d9vFQlxRJ/fhcL4hsxonEBjOQyuL6JaUseYdGhA/06VcMqCxyEVGUBkthFEBAEBAFB4KslIKQq93T9x0uVKhNlRiqJKgNMDXSQaakh4wwrPY+grt+IFj1qUjgLHIRUZQGS2EUQEAQEAUHgqyUgpCr3dP3HS9Xv2ygtXxLzHVOj4inUpCW925YjK1OUCanKPReLqKkgIAgIAoLA5ycgpOrzM//YM+acVHGbPQHLOVewCY07NKC2laHIqfrYXhHHCQKCgCAgCAgCbwgIqco9l0IOSJUKiGFfRBQnEmvRoEszapbLi7EsaxBEpCprnMRegoAgIAgIAl8nASFVuaffsylVKlTKOxxavoPLiUaUbNWVumXzYqaXdQBCqrLOSuwpCAgCgoAg8PUREFKVe/o8G1KlICP1Aed2/sLZmDxUH9idWgVkZDFA9RshIVW552IRNRUEBAFBQBD4/ASEVH1+5h97xo+WKkXKY24eW86CkEvkG9if2gV00ZOpUSnNKFyxFMULm2OQhVoJqcoCJLGLICAICAKCwFdLQEhV7un6j5aqlPg7nPk+lM1XZGQqlKg1bVaRqShFkwGdaNO4DPmywEFIVRYgiV0EAUFAEBAEvloCQqpyT9d/tFTlVBOFVOUUSVGOICAICAKCwH+RgJCq3NOrQqpyT1+JmgoCgoAgIAh8hQSEVOWeThdSlXv6StRUEBAEBAFB4CskIKQq93T6n0qVgYEBZ8+epWzZsp+0NWL475PiFYULAoKAICAI5HICQqpyTwe+larU1FS01FLPvdkkqTp06JBGqpRKJdJHbz9WqVTv/S4dIn32+/9/e8y7P9/u+7asmJgYdHR0KFw4KysF5h6woqaCgCAgCAgCgkBOEJCelxkZGZpnpba2dk4U+VnKkOosk8k09f4aNi0tLW7dukXnzp1JS0v7o1SdOnVKI1XvCtVbKXr351tY7zjZbwL2V/tLn124cAFdXV3Kly//3jFfQweINgoCgoAgIAgIAlkh8PjxY0xNTZECHrlle/Lkiaa+JiYmuaXK2aqnJFU3btygUaNG/CFSZWhoKIb/soVXHCwICAKCgCAgCOQMASkCYmlpSZ48eXKmwM9Qyp07dzRCZWFh8RnO9u84hSRV1apVIyUl5f1IlZCqf0cHiVoIAoKAICAIfN0ERE5V7ul/8fZf7ukrUVNBQBAQBASBr5CAkKrc0+lCqnJPX4maCgKCgCAgCHyFBIRU5Z5O/3dIlZ4eVatVywK1NF7cu8OdB6loWxejfPG86AJaWTjy43eRXohM5+nNK9yNy8SgcEmKFLbA5F/5AoYatSqV+BuXufvUgHzlimGdzxj5xzf+nSMlDok8PH+TB4m65C1ZjCLWpujnSNmiEEFAEBAEBIE/IyCkKvdcG9mQKjWqzHRePX1CYoYalVpSG31M85thYqBHVp3jt3mqqpQnJeEpsY9fkqHhp4WWxpakqRykn7qY5E/kxOwg/EOuYzwukLXTOmIFyLLFO53Ex094mqBAxywf+a3y/E4UlMB9No7qhvvSp5R1nYu3a3fqGGfrpFKzQJlI3IN4XqZmIJ1F28gci3z5sTD82BZloki/yeqh7fHYWJb+q4Jx6lODQtms6uvDpRoeZkbj4YQctqDj7CC8HZtinfSMZ3EvSNHOi1WxvBhqaX1iyc2RxohCBAFBQBDINQSEVOWaruKjpUqtSudV7Fl+CJ/Hj/czSVdBZmpJ2oz7lg4Ny2Gtp52lh+trqTKkagVDTq4LZ7L7Bm6oVWSmviQhOROZoSmmkqTJitHJrR/FYo6wce5FDMcFsTa4g0aqshepusQGRxf8F93DaqgHMxb0o8p7/afSSNV39t1wj4ynzORwfFy7UdsoG50szfmlSCLxyiomjZjPnnvPUepqkadGL2wcJ+PYqoAmAvfPNyWKjJuseVeqelfH+p8X9IEjJA4niOg6iXnHzGkd4IGLXU1Sds0keOxcDuVzYsGhSTTWlvF1zEiSI1BFIYKAICAI/C0BIVV/i+hfs8NHS1XG80fcP/ETl0t1pn4+bfRk8OLwAuYdMaJqu070bFwcwyw08/+Rqkoo0lNJTkoj/VUsF6KG03f2BaxtlhMxoiHl8+sjN3rEL8E+eIfcwHisHyv9WmKRCdLcENp6Buhp/z+6pVRkoFBkotREubSQybTRleuhLUVS3rOwC6y1n4DPgrsUHOZNWOQAqqlVqJQK0jKUqFGBVizbnXozJfoZ5TSRKkmq1KiUmWRmZKCQfEMTWZOhI9dDVyZ7fQ5VJgqFgoxMzQ5oyWRo68rRIx3FrVXY9/FnfXpbpky3Z3ADcy6v38OtV0bUc+1PVc1kqgoy0jNRSRImRbL09NHT0Uam/pNytVUoFbfej1RppOp1XRUZGbyuyuu66srl6Mh+zwPU0r6KdBRScEripSPHQFdqk4Kk+GckpsnQNzPF2CCd69tmEuw4j0MWjsw/OJHGunKM5DrItNQoJTaZSlRv+0BHFz09XbSzZ8FZuKrELoKAICAI/HcICKnKPX350VKlefCmJaOQm2KoIz2m1ShTj7Nq/h0satSiWcsyZGWETCNVv8upUiY+5NeIfrQP/pXC9ptZMa45lQtIsZsb7PRxY8qMu2S0aUZvqy0s+wn0DM3oHLiLSa0syCfNi6ZO4OQSH+Yt+YHDz6TOMKJguY44RvjTrbDWa5H4rY8usm70BHwi7lLQ1puwJf2p8uoB93bOoIPPTtIVQIVWNEjayoHj2lSdOAdv167UMkzn4ZlNRLl7seyWVJgO2rpVsFsYxpD61lhK1b2zg3lzFhC27YrmbPICZWnutJCZHc3gyFTqDlnEhfLOrJ0+gj4185GRmER6JujlNUGueEbcyRU42S3kbEYmmUAz5zVM7FubCok7mBcWQdjWq2/KLUPzcQuZ0b0guurbv5OqahRUp3L7l2gW+81i4z3pEF0MTOpiHxnKt1XMMdV9h4daTfzZDawKdSP8iBYY5cO0RyA7xzfC0uQ5P/qOZMY6A+p6jaK52XE2e0xn5YUEUrXNyF+iOJZ1HYkK60UVs5f87D2a2Vsvcj1JOqc5ldrY4OhvT0uL1/SFW+WeG4WoqSAgCHw5AkKqvhz7f3rmj5aqD50o8WQESy4WoWqdxrSobJalvKoPrf2X+fIBZxf0/79UOTajspXea6ny9cJr6lZi67RlpKsjNRW7iBg4n/OlJjJz51g6FpdxIcKFoOnnyGzei0F2jTG7dYidS+dx2NCNsO9sqaOvi1Ta6+0dqRrmw5zILuQ7v56ZvX1ZmKcbM6Z2pELcTtynL+f4VSM6eM7G26MzlqeWEuERzo5n9Rm2YAiVUxM5s3A4y272YdzSSfQvc5v1c45yS2lF05bFSLrwPWumRXPa2pPoXTbUuLWIvp0C2ZNoTNH6Nrh62jG0SdE3Q2eJxF7awuz+gSzTa8dU/86Uz3OVbcsNaN1Zzo1rT3icko+mLYuTdGEra0KWctrKk6ifRlFH5x4b3g7/rQxmYp8KvNo5m9neqzkhb4nttF6UTojl2MIxrH48Au81jrQvafF/AY47xsZ5vkxYd5+qg6bhUl+Px2ePoOrsRPuSL/l5XGdcFhnQZGYQrgOL8mj1NGYErOOsaX/cltpQy7wwlUpkcCRoDP6Lkig3dig9WpRDeWwZ69cd40VNL6ZH9KSikKp/+l0V+wsCgsBXSkBIVe7p+GxJlTL1BQ8Pr2Dp/kekpKsxLlNPMz17zRKWmBtkLdn6H0uVjweegSdgkAsLw0ZTKfUU0YNb4nagLhN2RzOmwi2W2dnjd6EKNsFBzOxdEl5eYO+MEXRfImPC5j1MqGWAyW9JS/+XKqvhU5k3px6KNV50ctxDIaf1bHKvj3X6MUKG2xG2OZnaHvPxG1+Vl8s8GOt3EoZEcGxmSwxQkbB+ADUdjlHPbz2+vYtAXBo65taULKhHyvVtzLPvzbRrvQnav4Bv88VxbUcEHs4L2PVQTtFqFalYuSnNew1mfAddrqzyptPYHyngtIGtno2w1n/FrbPPMc6n5FmyLvp5rChZUE7Kje3Ms+/FtKu9CTywgP4FH7DFtj3umkT16bh01+GI9yQmLomjyNhwdnvWR5dXPFw6gJoTr9J1wXY8O5Wl6Nscsbs7WBjozqjVKpqNj2Dr1EYYx13ngWFxrIwes31sN9yW6NNw2jT8nRqSvnsafiNmsd/SmahTrjRDQeaDLUzs5MBi7WHMX+TC0Fp54e73zPFwJ/BSGDqwsAAAIABJREFUdXzXrGJ4OZCJUFXuuVOImgoCgsAXIyCk6ouh/8cnzpZUqTJSSIg5wdEbL8lQqFGnPeVxZjGq169BnTL5spRs/Y+lytsN95BbmDoFsT6oHcbxt9jpUZ2R66swfN1aJhbYibNDEMuu6FKpemWqWxuhTk/g6Y0T/HxHhk30Laa3M8L0t7kA3olUjfBnVkBpHk23o1tkPC19d7PGpjTmho/ZMroLkyPjKe22gKDBebk0351hc8+jX6keHStaoFYpUD/+lY2/3KCR7z5mjW1O6Ycb+W7zDvZdyyDlxUNunz1KjFYHvHeuxq6CPoaZtzm68wTXbx9kU9R3bLuooHRvJ7xGNsPy5wl0j3xGn7knmN3FAlP9/0tq4sWNbNmyg71SuQmPuH32CDF0wGvncoaWfMhWuzdStWYGk5vdZ4WzFy7r7mFRpQ6ty5ihUqajeHCajYdj6DD7ArMGVaaM2ZtrJ+kBJzbNxNsvnL1ptWnfqiZF8rbC1r89FQ3j2T66K26RhjQKCWbquPqk7ZiGv30YB/JNZMmJyTRVpaI8HkyL/uEcVRajSY3SFDOXQ8ojrp09wVW9mkxYcoApDUE7a979jy9qcYAgIAgIAv8lAkKqck9vZkuqft9Mxb3NzJl9Af16HejSrTZF/j/G9qdE/rFU+bjjMe0GJuMCWRfcgTzxN/nBrSb2G6syYv0aJumvYcjEWexJLEubJg2obClDLSWq6+hiYmZBtc72tCypi/y3V9Tel6rQoLLEzRxB54WxtPD9kTU2pTA3jGOLQ2cmL4mntPtCgnvKOTbPleHrnlKrVQ/alpKjljLTZbrI9bQp18aGBnmuszvChejTMvJWa0N5bnH+l62cSe2Iz85V2FXS57dlMdX3ObN8Lr4zlrIjox6dB/Rl4FM/Bq5T0CPsGPO65cf0TeQv/fZels5wZvmZ/7F3FmBVJW0Afm/QrYKi6JrYYjdiYnevjQViF2J3d4ut2N21drt2rxgotqIiza3/ORdQdPVfBHW9y5zn8QHunTPzzTvn7n13zpxvZKQqUIVcsvtcPbKNixG1GLZ3OW2zPmZb/EzV2ikMLHqLWf2GMuyollIVa1L+N2Np6T0ojDAzMSZPjc5UzGtPqgQJp2Je3ebywXXs+PMpAce3sulaVjpvXM7Qisac6tcAn4VmcVJVgshdExjlOYMTDn1ZfN4HV1U46gMDydd5GW/TV6ZmsRw4WcvRyeQolEakdspBsRotKJNBvwZeHIKAICAICAL/QEBIleFcIkmWKk1EJGEvX6HOnIn4rRI1L/Ywd9I55EWqUbNBCTInIuvk95Wq1fTOdoLhrXxYF1qFXhPHMbB62n8YjU9v/82dVYyopb649zlKxi6r2THKjQyhBxjczpsFe2IoNWQuozs5cXdOf7znPqNIr2WsGVqUz/fgfrOzD219lnG/8FBmLexB8XurGdWsFYtC6jNkx2Ia6Y5zVVmC0jntsTEC1ZV5DO4/nOkPS9CyRxdahUyk0YjrpPdew+4xFXEyec3lwy9Q3ZrG0AXbCco/iJkLe1Li/hpGNW/Jorf1GLpXmqlKIFWrJzGg0ls2+PRnyHYF7gP9WNQ97/9N2Bnz/Dp3nocRnqEkJVK/5K+5LSk28ARZe+1nS3dHrg5vQn8/U8pMHMeIHmXQHpjG+B7D2Gnck/mnx1DTLAbVtVnUrjaSqzn6M2NuLxrnScxzoIbzoRGRCgKCgCDwMwkIqfqZtJPXVpKlSvX2JU/OHuS0aTrSSrMQwLvbJ7gUmZ1SVcpTIW/aBIvBvx7kl6RK9S6IS3MbU2XMRTJ23cGanuXJ7ygZ2h12DfFhwNg7WPWewKZJtbB+GcDO/vnpuN4Fr83r6V1Vw/WJ45k08zzRRStRp2VxnPTNG2NqkZWi7nlxUMbGG3tcY02n7gxZ+BDHtqOZu7QadsdWMrr3bJZHlmJQ70pkf3+TtVs3cPCslnJ9pjJqeCWsjy1npu8yDj7NRv0pjcknlxGbmSsDBSoUwD5oOcN7LuakvBj1OhXH4c4Btsw8ySnjIgzftZCaQeOZdCoNBbJnwtHWiKfH57HjxEPkbn3o360VeV/4M3qAH1teF8C7TyWyWQVz+Ww6SuW5wa41+7moKkTdTiVxCNgfW69RYUb84Y9H1sdsaVuFARty0mLtZPo3zcCLjQuYMXITF9QFaDCiFrlik0wgk2eiUJX8ZLI2/XCrNvKvnWzde4ADwS5UzxHFy3Mb6H9IQYdBMxlUx5QT/erRd74pZadMZGTv8qS6tYUVY3oy9o9M1Bzcm6r5clOueDiHfUYxZekzMnrUp4prtjjxtsA2nTOFXbOTSixUT94nV5wtCAgCKYaAkCrDGeokSxXq97y9ewi/uQcJknIRSWmZ7N1o0boKJbPFbh+TmOOLM1VhLwnYMpTeK+/gUH88Q5sUIltqqcYgTi+az/yVQZg39WR0l9JYvH3MyXltmHQ4O3VHj6BJ4XSkNgrk8OSZLN5wgr80Wn2OJ7AhdYYGDFnXieKfPP13jz8mzWTR5uekqe1Bz4FVyR7xgudH5tJs3H7Co3TocrbFp1Igf+x/jqVbWzq0KU9us7cEntnM3J5+HFZL+aykQ1K1inRf1JUGBdWcnzyTJRuOc0ujwzFDevLkLsrl21G0nzqYmk7BHB/VlblHHvMkUsphpcDZvQNtPTtSRbJATQhvr29kULfFXIpUodLlpNn4kbSpbMytKdNYtF6qV4tj+gzkyVuUy7ei8JDqzfCSY2N6M/9wRqoM70LTSs7Y85pbu/2ZN3I1p9XxPIxRGFWl/2pvqmZJkyD9RQxBp9eyctIsNj8CmaU9qeoOZV3nwtiav+XI5P7M225CAW8vPJoWwjHmETf2r2bs6C0EyC0wK9iJ2WPrks/2Huu7jGH1+bs81cbm2ZKEM1fpFvjMbEI+IVWJ+XiIMoKAICAIIKTKcC6CpEtVXELKL3b1G7Yq+ZJUSRfQ54eU4PPjljVx70qv/a2slMwyfmubrwzEJ/F9VlZ67//1TV9lYtrQh5uEIy4Z59diiMWQ+EPf12TwSNDS33D/P1b/L864xVRiSVXih1GUFAQEgZRLQEiV4Yx90qXqO/XxS1L1naoW1QgCgoAgIAgIAgZPQEiV4QyhkCrDGSsRqSAgCAgCgkAKJCCkynAG/atSZWZmxuXLl3F2dv6hvREzVT8Ur6hcEBAEBAFBwMAJCKkynAGMl6rIyEhpKdHHBUqSVJ08eVIvVWq1tPOctHxJWpsjbfQbu0Fw/N8Jf49/7fP3pHMSrpWK//3BgwcolUqcnJw+ed9wEIpIBQFBQBAQBASBH0sgOjpa/12pUHx8dv3Htpj82mNiYpDL5fq4U8Ih9fXevXvUqlWLqKiov0vV+fPn9VIVL1Hx8pTwZzyoeEn6kjh9Xj5hmWvXrmFsbEzOnDmFVKWEq070URAQBAQBQeCbCbx48QJra2ukCQ9DOV69eqWP19LS0lBCTlac0gN1AQEBlC1blr/NVJmbm4vbf8nCK04WBAQBQUAQEAS+DwFpBsTe3l4vVoZyBAYGYmVlRerU8SnCDSXypMcpSZWLiwsRERGfzlQJqUo6VHGmICAICAKCgCDwvQiINVXfi+SPr0c8/ffjGYsWBAFBQBAQBASBJBMQUpVkdD/9RCFVPx25aFAQEAQEAUFAEEg8ASFViWf1b5cUUvVvj4DUfsQL7r+IBvNUZEprScp4TuJXAC9iEAQEAUHg1ycgpOrXH6P4CL+LVEkDrol8y5v3apSWNliZm2AkTxyEv+Wp0qpRhQcT9DIUbdx2LBZpnEhlZYpJIp8k1YQH8yoSjMysSW2R2F0IExdvYkpFv3vCq3dR6MzTkMrOhn8M4epc2s8KRFOoATO6lMQmMY18VkarURERHMQrlS0ODjaYG8Vu7ywOQUAQEAQEAcMmIKTKcMYv+VIl5a1Sh/Nw71QmrX3Gb008aVrVhcymiYPwiVTpNKjfBHBj/ShqjD2BDC0y1JTuuYGBrUpRwCFxovBm70A8/zAmh1tbxtTOnLhAvkspyQLVnJlYA1+/s0RUncig3h2pk+0fbFAvVQ9QF2zADO9S2CYhlqg3Dzk0pQ6D7ndg2sRWlM5oi3ES6hGnCAKCgCAgCPxaBIRU/Vrj8f+iSbZU6TTRRD/ex/SlR7l3NoS8nbypU60QWROZSuMTqYoO4tbuWfj030n6kbvpV9YYS+M/WTTyNYWbVaKca2Ys0KHVaNCo1WjiNxaWKTAyViKXgVYVw6udA+iol6p2jK2XFYXCCCNF/LxNXAJTtQqtzAiFQq4/D0noNFq0OjlG0jSbNPumUoNSgU6lRqvf4FiGXKlEqVDEnvP5odOA7gxTKk7jhu4+x7PXpVm91oyonYUPE3f6BKoaVPo6pQpkKG4upNPcR+gKSzNVJbDWatFoNKBQoItRodG3I0dprESmVaNRa/W6KZcrUBgpkbomzVRFhbzgjdqaNKksMVHK0KqkPkqbTkvd0yClbJXJFPp65Pp5LB1o1cSoNXH7UsuQK5QolV/pn+Fc1yJSQUAQEAT+MwSEVBnOUCZbqlSRYdxYN5Hrzvl5vPA8drWaUrlmYbIlZaYq6gHXts6jd//b1Nq5gU75TDCTRxL8LApjawssLIyRE8H9Q8tZNHY6m4Ik0BZY2DVg9K4eVEgdyvFh3kxde5STL2UYmduQvVRtGncbTj83u7hR0aCOecgOn45cLTaeRtWKkTcV8PgQqzadYnt4GWYPdMXk+VV2jJiPqnMdgvpOYk/Qc4JxonJXX7zaVyaf+RcGWaOCi1OoNCqcGrVNCDr4DnJUpNuoGmSLL64OJfSvdfRuP5czb8OJIQdN69hz9Hl6fazTuxQm5Pwf/LF2L5pGbtztNJzd0WqiZFXxWdsGh5NzWbXiGBffpSJ/1XZ0HdmJ8rYQ9eYRx+a2YJTOl6We5cluH8nRSb04a5GN8Ccq7m3cwJ9YkM65Bt3njaROejlKnYpnOwfQbcZBrj+JBBwo0awb3n2bUMLKcC5iEakgIAgIAv9lAkKqDGd0kydVMaGE3drF4INGdGrhwLmRu4mu0IhKtYqQPSlSpX1P0PkNTGzjyxGHlvgsHEsjZ1MSVvXy9HzmrNvOOaMG+NTMjib8Dff3LGGxvDnTB7mTOeQRN7dNYugZJRkL1aJrjfw4/uZM1tTxa6vUqKIC8G/lzlk3fzo2caOIA/BgG7MW72dlaFW2zaiO2ePj+P3+O8vCi1OtjQcV89kiO7eEBbtlODXthK93GTJ+Ns4adQw3Zrnh86wD3dqVQLZ2DOsC01Oy50g8C1kAKsJeXWLHkI4sknvRuXoOHKyecG7GfOZfyUClAT5M6+RC8MmlzPIeyYFUHnQb4Mpv8mccHDWeg+/BqYondcsVIOPTfWw++YiXLl2Y37sMZi/vsmt4Sby0Mzk6tA5504ezx7cZ49c9QuHWmVZNi+Pw9DT7dqzicvkV7OucG6MX+xjcag/KFuUpmssRW50Jdukz81tWR2zFannD+RSLSAUBQeA/TUBIleEMbzKkKoqw1zf4Y9JRXjdvQuM8z9jRaxNhFZtQJakzVWiJDn3GzQNb8J85hH3aYqS3zk/zIX2pW9yRVFE32Dp2KmtuWlF+3FS8nKWbahpCb8+lY90/cVsyjmZlMmC0z4dWe43JWbEz42s7fa4+qKMDWNWmOufKLad943IUtgcCdzBnyQH8Q93ZMq0apo+PstSjGYdcFuDTsxalMhijCN7NBA9/AtJWxmO6B6UTzlZpY1A/O8zQpsN412oi3i1LkvqPQfiue4LKtT8LvApioX7D84ubGNBqL/lWz6Vz4bRYyd4TuGYUXZe/x75ee2Z5Fib4xAIWDpnO3WqbmNy/AE6yMK5MbkDj/elp5e1L11o5sQvayoxxa1j0ojKrtnYk26t77B1ZBm/tdA4Nrk0ex3D2DGjKyoBsuHQYTMfqmUn14k/2LhtLxxtNODavFo4Pl9K84kLSj1uNT9v8ZBIr2w3nkysiFQQEgRRDQEiV4Qx1kqVKE/6ch5c2sfJMITr1Lo2j/Bqruq4hsnJzqtTMz2+JfOjub0//SSt91JE8OrmUXZfCeHxsOyd1pWnQzZOWBZ+wbdAEZux8jmP5gqQ30oJMup33jEtrQ6m9bQ3d3DNjtr8fbfcZ41yhAxPrZUmSVJkEHWGlZ1sedL7KwMqpsNcL1A3WdPDl0LsiuE8dRuNMH6vWRofx8sAAao+U036GL21KOWL2fDuTh27khKYcQ2Z3oIj2EQ92zKBGLzmjrg6lur0V0vwVN+bTceYDYgrUZ453UV4fm4//tKVE977A0NLob9M9XtuGmufcGNKuIY0LpYFHu5k/Zg2z7hZj8cHuFHh1jz2fSdWufo04YNqQih16UOc3IPgq5zYvpNHeQuxe2Zwc0QEcXT6NZQdjiLE0I3P5BjSsVZVSGRL5mKXhXOciUkFAEBAEDJaAkCrDGbokSlUkbx+cYef0+ew2K0OFbBYYK19yde8tYjI6U6x2IyoUzkWmRKzL+ZJUJcQXeWMJfTtNIqzeVHo3suHSpDksPBKCc82c2OlXqsuQyZQYW2SlQuumlM5qi2pPX9ruNyHnF6VKuv13B//WNbhYYSUejVwpJM1UBe1mwZL9LH1bia3TqxMvVYGeV/GtFC9VN1nTfiCHQ4rgPm0IjT7c/9MSE/GYo4Nq0mKHHaUqFiaPgyUK1SMu7T3PY5uKdJ4/lS6ZXxC4cxa1e+kYfmUo1dLESdXNBXSccf+DVAUfX8DKKYuJ7HGeoeXkGOtiCFrdhlpnyzLQownNith/kKrZ94uz+EA38n9Bqnb3b8w+ZV3Kd+hN/ayxUnV20wKaHCjK7hUtyWlmhDLyOjsWbedM4E3+CtSRvUQLfm9fgwIpZ6smw/m0ikgFAUEgRRIQUmU4w55EqQrn7ZOrHPI/zgOdmmjpMTbdWwIvBKFK7UihOq2pXrYwzvFrw/8Pj4RSpX7/hKcPbnPXqiwVs5rEnvX2KMNbdOOR2xi6tHTm8exZbA9MT4N5A6n1ldwDwTv60G4bZHX3YnqT7J+1rkUd/ZQtXmVYnnkaAzo0oGz6YO7tXMBov4vcydGOTVOq6m//LWnXjP3OU+nv04RymUxQvtjKqF7beepYFc/RTXGJf8JRHU7Y3e30bD6Q62kLkt7WDBOZJHxydCF3eRCSmt/qjmZev9+IOedPt5p/UHC7Hz1KO2KlDeLCwrH0Wq8iW+NOsbf/fqZUfaDzmgP9m7MmICclR8+mU17DuYhFpIKAICAI/JcJCKkynNFNolR9qYNXWOG1msgqv+Ney4UsiUySlFCqYp5e5MyeRcy/60LDYmlRyrTorm1n+glT3Ly60qleTmL+mM3qbWcJSleT6vnjduuWKZDb5aREkcykMTci/OQ4uk36k2cOJenQogJ5crmQN+3HgKQF5bfWNMNrUxrcyrlRzCmUW3s3s/xUNHY1+rFpajXMHh9lUasGLHxfkaoNG1AqtzW681vY9CIjhRu2plf1HMQvqZJk8O6KjpSa68CY5VNoUyx17G096Vbmo13MHTaT5bcKMWTPcFwjD7HMYwhbHJrT2j0raTT3OblrGxtvZ6KGVw/GeRUi+Og8lk9aRGSvSwx3U2CsiyZoVUuqnXFlSIdm/F7UAR7uZM6oVcy8V4Jlh3tS4OVddg8vgad2FsfiFqrv7NOAvcp6VOjUj4bS44evr3B64zwa7ivGfv/fcQ6/x/HLjwiLVAHhXD+4lTd2ZajavgfuCW5tGs7lLCIVBAQBQeC/R0BIleGM6XeSKi063R12TfyD6KKVKVE2F05xE03/hOLT238q3jw4xvpBfVl0W4daKwNZblpOGkPL8llIp38iLZqHJ/xZNmEWW/QpFQCFGUb5OzJzXCOKOlpj9P40q8bPZ8neq0Tnrkwjz0H0dE04rSVlfrrGKo+RrLx0n+e6QtStkxPrbGbceF2YiX1Kogw6ygrPltxps4DUi+Zy4uULgmXFaTqoCx6NCpI2Qcci3wZxws+DSbL++LUvS+bUCZN0veDKpkVsWf+EjIPn4pE7nMj7mxnQeX5cSoXyeA1zIeylCTa2+WjWNA+hlzaz238bUc1X0rGQHCOdihd7h9HzRkHa1alC1dx28PwEmxbvY92TfAyd25Tsbx9zcqEHE3R9mN++HFnTRHJihg9nlOUpUrcFFaT1+u8CuH5oMwPO5mbGkAqkv7qA30ds5cGLMH1vZPmb0KGTB96u6f5p2MT7goAgIAgIAj+JgJCqnwT6OzTznaRKSmgpTcvopOySceucEhfdp1IVW49OJ0la/PkyZHKZtHIqtmpik3fG/kvQhkyGXCogkyH78L4OnfR3/HsfiseeqNPG1fOhbr1aIJOrCHl8nBWdW3PX4wID3B1IZx6b/FMfi1RngqalWKRg9O/rQ/jk3Y+xyqSUm3pQsW3Hqgwy6SFGnXRiHD59dbEsY1uKO0eXoP74PsbFFAcuQQxx/dPHFMdOH6PU589ZxnXmi6wSN46ilCAgCAgCgsCPISCk6sdw/RG1fiepSnpo/7RQPek1J+fMaN4FHWd55zbca38B36rpcLRMTn3iXEFAEBAEBAFBIGkEhFQljdu/cZaQqi9SjyHk8QlWerfnfrsz9K+SlnTxi6T+jVESbQoCgoAgIAikWAJCqgxn6IVUfXGspH3/Igh59pQY2yyksVSi/LB5n+EMrohUEBAEBAFBwPAJCKkynDH8qlSZmZlx8uRJnJ2d9Zv7flzHlHBNU+zv8YdWK62FiluvlHBdU4LfpbIJz7l//z5KpZKMGTN+8vq/j1DaXFgu7VQct/Hxvx+RiEAQEAQEAUEgZRKIiorCyMgIhcJwkjNHR0fr45W+41PCIZfLuXfvHjVr1kQaL5kuge1IUiWtd5KkKl6o4qEkFKfEvPa5SCWUquvXr+svFKkdcQgCgoAgIAgIAoLApwSk78xXr15hZWWF9N1sKMfr168xNTXF0jJlLEqWHgoLCAjA1dWVyMjIT6XK3Nycy5cv/3DZ+TUXqhvKJSviFAQEAUFAEEgJBKQZEHt7e6yt4/IzGkCnAwMD9SKYOnXK2aJDkioXFxciIiKEVBnANSpCFAQEAUFAEEhhBMSaKsMZcLFQ3XDGSkQqCAgCgoAgkAIJCKkynEEXUmU4YyUiFQQEAUFAEEiBBIRUGc6gC6kynLESkQoCgoAgIAikQAJCqgxn0JMhVVo06ijC3oQS9SGrgg6d3AxLK3PMTY1ITGqnvy1U16pRR7zjaXA4Wn16BhnmqdJha2GCcSKfJNVEvuVNpAylqSV25v/+o5yaqFDevw8hQm6HQ2oLlDot6vBgXqrMSG1ljqlRYkgZzkUlIhUEBAFBQBD4fgSEVH0/lj+6pmRIVRhvnx5nSfelXFDI0Up74ul0qFKVpVmbOtQskYnEPPj5iVTptGje3uXWhtFUG3NU2rwOGWrK9N7IwBYlye+g+GTPva/BebN3EF0OGZPdtQ2ja2f+0Qz/sf6Xf65kyYK57LcdyLJJtXGMCuH+ms40ulGHeV41KJs94WbP/1idKCAICAKCgCCQgggIqTKcwU6GVIXy5vFpVvS9Qo4xzXCxMcNUSuwpN8HCwgxTE+W3z1RFP+b2ntn4+uzAfsg2+pQxxtL4PEvGvKVI80q4uWbGQr8ZsVafkFSrnyGL3TBYoVToNzPWqdW82uVDxwPG5Cjvwfi6WZErFCjk8Zscx23arFGjlSmQknXp35KETqtFixylQqpIh1ajBbkcXXzyU6SEoAnOSTDO+txbWg1qfQLU2Ljiy+qi3/P+/XsiFHakTWWGNuwNf63woPb1eizqVhs351QoFLFxfL1vn27ibDiXmIhUEBAEBAFBIDkEhFQlh97PPTcZUhVGcNAZVvn8RaH57SlubYpJEmL/ZKYq6gHXts6lV7/b1N69ic55jTGVR/DqcSQmtpZYWJqgIJIHR1awZPxMNj3SIZNZYmFbn1E7u+FmF8rxEV2ZvvYox1/KMDa3JUfpWjTyHkafcvGzQRrUMQ/ZNdCLa0XH0MC9KHlSAU+OsGbLaXaGl2aGTxmMn19j12g/1J1qE9RvMnuCnvNGlpHK3j50aleRvJ9Nw2miwni0rR+es87w+E00OjJQqYsPXp0q43hjHSs3redU1kH41YxhfZ/OzDz6gNvhVqRPZUWOxkPwad+Iytkh8NgKloybzsaHUt8ssLCpz8idPXBLZZGomb8kDIE4RRAQBAQBQeAXJiCk6hcenM9CS4ZUSTNVR5jfyZ97WewxUyqQk5dqnrVxze2IVSIZfCJV2vcE/bme8W0GcSJDGwbMH0XDHCYYJ6jr1Vk/5q3bxmlq0ataNjThb3mwbyX+5i2YPqAyTq/vcW3bFEacU+LkUh2v6i5kyJobZ/v4WtSoogLwb+XOWTd/OjZxo4gD8GAbsxbtZ0VoVbbPrI7Z4+P4/d6CFVElqNKsBeXy2MD5FSz5w4jMzTrh41kKp/i4NGGE3dnNkHb7sfauSsF0NljozHDIlpOsWRyIODmHaQtmszfXYv7sk4ugCyc4vnE8vg/K0qdeKUoUK0LOzBmR3VzC/LWbOamtSe8a2fV9C9zvz0rT35k6oBZF01rx768QS+TAimKCgCAgCAgC34WAkKrvgvGnVJIMqVIRE/GSgHN/8TxGjVqn49GRLdy2LkWV+jWomMv+Exn6Wm8+Xai",,,,,,,
Provide technical support for website solution(s),Provide technical support for website solution(s)<br /> <br /> <ul>     <li></li> </ul>,Technology,,4/30/2016,On-Hold,Light Blue,,74
"Provide Training, Education and Support for Network Map tool(s)",,Technology,8/1/2016,,N/A,,,74
Support Technology efforts of TR,,Technology,,,On-Track,Light Green,79,74
% User Satisfaction of Network Map Capability,,TR Staff,,,N/A,,,74
Communicate community successes and wins (PJO),,TR Staff,,,On-Hold,,81,74
Communication Plan for Projects (PJO),,TR Staff,,,On-Hold,,81,74
Dashboard created & system of reporting established,"<span style=""line-height: 13px; white-space: pre-wrap; font-family: arial, sans, sans-serif; font-size: 13px; background-color: #ffffff;"">Dashboard created &amp; system of reporting established </span><br /> <ul>     <li><span style=""line-height: 13px; white-space: pre-wrap; font-family: arial, sans, sans-serif; font-size: 13px; background-color: #ffffff;"">Completed Dashboard with supporting metrics</span><br />     <br />     </li> </ul>",TR Staff,,3/31/2016,On-Track,Light Green,,74
"Develop ""we are transforming"" story using data from Dashboard/T-Map (JW)",,TR Staff,,,Approved but Not Started,,77,74
Develop & Execute Implementation Planning Framework (JW),,TR Staff,,,On-Hold,,77,74
Develop accountability structure and reporting for support teams (JW),,TR Staff,,,On-Track,,,74
Develop accountability structure for reporting,"<span style=""line-height: 13px; white-space: pre-wrap; font-family: arial, sans, sans-serif; font-size: 13px; background-color: #ffffff;""><span style=""line-height: 13px; white-space: pre-wrap; font-family: arial, sans, sans-serif; font-size: 13px; background-color: #ffffff;"">Develop accountability structure and reporting for support teams (JW)</span><br /> </span><br /> <ul>     <li><span style=""line-height: 13px; white-space: pre-wrap; font-family: arial, sans, sans-serif; font-size: 13px; background-color: #ffffff;"">Reporting structure</span><br />     <br />     </li> </ul>",TR Staff,,9/30/2016,On-Track,Light Green,,74
Develop nationally recognized story of ?ǣwe are transforming?ǥ using Dashboard and other metrics,"<span style=""line-height: 13px; white-space: pre-wrap; font-family: arial, sans, sans-serif; font-size: 13px; background-color: #ffffff;"">Develop nationally recognized story of &ldquo;we are transforming&rdquo; using Dashboard and other metrics </span><br /> <ul>     <li><span style=""line-height: 13px; white-space: pre-wrap; font-family: arial, sans, sans-serif; font-size: 13px; background-color: #ffffff;"">Published story</span><br />     <br />     </li> </ul>",TR Staff,,12/31/2016,N/A,,,74
Develop new TR website (PJO),,TR Staff,,,Behind Schedule,,,74
Develop partnership with ratings expert(s),"Develop partnership with ratings expert(s)<br /> <br /> <ul>     <li><span style=""line-height: 13px; white-space: pre-wrap; font-family: arial, sans, sans-serif; font-size: 13px; background-color: #ffffff;"">Community measures identified, working partnership established</span><br />     <br />     </li> </ul>",TR Staff,,3/31/2016,On-Track,Yellow,,74
Develop partnerships with leading non-profit education and research organizations in the real estate,"<span style=""line-height: 13px; white-space: pre-wrap; font-family: arial, sans, sans-serif; font-size: 13px; background-color: #ffffff;"">Develop partnerships with leading non-profit education and research organizations in the real estate and land development industries </span><br /> <ul>     <li><span style=""line-height: 13px; white-space: pre-wrap; font-family: arial, sans, sans-serif; font-size: 13px; background-color: #ffffff;"">Working partnerships established</span><br />     <br />     </li> </ul>",TR Staff,,,N/A,,,74
Develop partnerships with leading non-profit education and research organizations in the real estate,,TR Staff,,,N/A,,,74
Develop Project Template and Framework,Develop Project Template and Framework<br /> <br /> <ul>     <li>Template and support documents completed</li> </ul>,TR Staff,,6/30/2016,On-Track,Light Green,,74
Develop Project Template and Framework (DAS),,TR Staff,,,On-Track,,78,74
Document the initiative (PJO),,TR Staff,,,Approved but Not Started,,,74
Facilitate & drive Network Map tool development,,TR Staff,,9/30/2016,On-Track,,77,74
Facilitate & drive T-Map development,"<span style=""line-height: 13px; white-space: pre-wrap; font-family: arial, sans, sans-serif; font-size: 13px; background-color: #ffffff;"">Facilitate &amp; drive T-Map development </span><br /> <ul>     <li><span style=""line-height: 13px; white-space: pre-wrap; font-family: arial, sans, sans-serif; font-size: 13px; background-color: #ffffff;"">Completed T-Map</span><br />     <br />     </li> </ul>",TR Staff,,12/30/2016,Behind Schedule,Yellow,,74
Identify projects from Spoke Teams (JW),,TR Staff,,,On-Track,,78,74
Implement Prioritized Projects,Implement projects prioritized through the Project Inventory<br /> <br /> <ul>     <li>Prioritized projets are launched</li> </ul>,TR Staff,,9/23/2016,On-Track,,,74
Implement Project Management System,Implement project management system for segment leads and support teams<br /> <br /> <ul>     <li>Project managers defined</li>     <li>Project managers effectively using project framework</li> </ul>,TR Staff,3/1/2016,6/30/2016,N/A,,,74
Implement projects prioritized through the Project Inventory (DAS),,TR Staff,,,On-Track,,78,74
"Increase the number of youth, age 13-18, engaged in T-map projects","<br /> <br /> <ul>     <li><span style=""line-height: 13px; white-space: pre-wrap; font-family: arial, sans, sans-serif; font-size: 13px; background-color: #ffffff;"">Teams effectively using Implementation Planning</span><br />     <br />     </li> </ul>",TR Staff,,,Approved but Not Started,,,74
Monitor Users of  Network Map Tool(s),,TR Staff,,,N/A,,,74
Pacesetter Recognition Program (PJO),,TR Staff,,,On-Hold,,81,74
"Projects are identified, priortized, planned and communicated (JW)",,TR Staff,,,On-Track,,78,74
Social Media Strategy (PJO),,TR Staff,,,On-Track,,81,74
